"source","translation_en_US"
"Idle","Idle"
"Standing by and awaiting orders.","Standing by and awaiting orders."
"Moving","Moving"
"Marching to the ordered position.","Marching to the ordered position."
"Attacking","Attacking"
"Engaging the assigned target.","Engaging the assigned target."
"Patrolling","Patrolling"
"Walking the patrol route between its waypoints.","Walking the patrol route between its waypoints."
"Guarding","Guarding"
"Holding a guard post and answering threats near it.","Holding a guard post and answering threats near it."
"Holding position","Holding position"
"Rooted in place; it will not pursue.","Rooted in place; it will not pursue."
"Building","Building"
"Raising a structure on the marked site.","Raising a structure on the marked site."
"Repairing","Repairing"
"Mending a damaged structure.","Mending a damaged structure."
"Dismantling","Dismantling"
"Taking a structure apart.","Taking a structure apart."
"Cutting timber","Cutting timber"
"Felling a tree for wood.","Felling a tree for wood."
"Quarrying stone","Quarrying stone"
"Breaking a boulder for stone.","Breaking a boulder for stone."
"Mining iron","Mining iron"
"Working an ore deposit for iron.","Working an ore deposit for iron."
"Auto gathering","Auto gathering"
"Standing order: seek out the nearest resource and keep collecting.","Standing order: seek out the nearest resource and keep collecting."
"Delivering","Delivering"
"Carrying its load to the barracks.","Carrying its load to the barracks."
"Healing","Healing"
"Tending wounded allies nearby.","Tending wounded allies nearby."
"Training","Training"
"Producing the next unit in the queue.","Producing the next unit in the queue."
"Blocked","Blocked"
"Waiting: the way is blocked or the target is gone.","Waiting: the way is blocked or the target is gone."
"Active","Active"
"Work is under way.","Work is under way."
"Queued","Queued"
"Ordered, but the unit is still on its way.","Ordered, but the unit is still on its way."
"Unavailable","Unavailable"
"The target cannot be worked; give a new order.","The target cannot be worked; give a new order."
"Interrupted","Interrupted"
"Work stopped part-way; re-issue the order to resume.","Work stopped part-way; re-issue the order to resume."
"%1 — %2","%1 — %2"
"%1 (%2 units)","%1 (%2 units)"
"Not enough wood, stone, or iron to recruit this unit.","Not enough wood, stone, or iron to recruit this unit."
"%1 of %2 positions do not fit on this ground.","%1 of %2 positions do not fit on this ground."
"Automatic","Automatic"
"Low","Low"
"Medium","Medium"
"High","High"
"Ultra","Ultra"
"Maximum performance. Aggressive LOD, reduced detail at distance.","Maximum performance. Aggressive LOD, reduced detail at distance."
"Balanced performance and quality. Recommended for most systems.","Balanced performance and quality. Recommended for most systems."
"Higher quality. More detail visible at distance. Requires better hardware.","Higher quality. More detail visible at distance. Requires better hardware."
"Maximum quality. Full detail always. Best hardware recommended.","Maximum quality. Full detail always. Best hardware recommended."
"Cannot export a save with an empty name","Cannot export a save with an empty name"
"SCORE","SCORE"
"YOU","YOU"
"Return to Menu","Return to Menu"
"Victory Secured","Victory Secured"
"Army Broken","Army Broken"
"Held the Field","Held the Field"
"Routed","Routed"
"Kills","Kills"
"Losses","Losses"
"Units trained","Units trained"
"Villages","Villages"
"Play time","Play time"
"Back","Back"
"Victory Conditions — complete all","Victory Conditions — complete all"
"Victory Conditions — complete any","Victory Conditions — complete any"
"Victory Conditions","Victory Conditions"
"Complete the objective","Complete the objective"
"Defeat Conditions","Defeat Conditions"
"Avoid this condition","Avoid this condition"
"Optional Objectives","Optional Objectives"
"Optional objective","Optional objective"
"No mission objectives available.\nThis may be a skirmish, or objectives have not been configured.","No mission objectives available.\nThis may be a skirmish, or objectives have not been configured."
"Carthage Core","Carthage Core"
"Carthaginian Iberia","Carthaginian Iberia"
"Cisalpine Gaul","Cisalpine Gaul"
"Corsica","Corsica"
"Etruria","Etruria"
"Iberian Interior","Iberian Interior"
"Libya","Libya"
"Numidia","Numidia"
"Roman Core","Roman Core"
"Sardinia","Sardinia"
"Sicily","Sicily"
"Southern Italy","Southern Italy"
"Transalpine Gaul","Transalpine Gaul"
"Illyrian Coast","Illyrian Coast"
"Illyrian Interior","Illyrian Interior"
"Aleria","Aleria"
"Ariminum","Ariminum"
"Capua","Capua"
"Caralis","Caralis"
"Carthage","Carthage"
"Cirta","Cirta"
"Emporiae","Emporiae"
"Leptis","Leptis"
"Lilybaeum","Lilybaeum"
"Massalia","Massalia"
"Mediolanum","Mediolanum"
"New Carthage","New Carthage"
"Numantia","Numantia"
"Placentia","Placentia"
"Rome","Rome"
"Saguntum","Saguntum"
"Salona","Salona"
"Syracuse","Syracuse"
"Tarentum","Tarentum"
"Tarraco","Tarraco"
"Tingis","Tingis"
"Veii","Veii"
"Campaign Missions","Campaign Missions"
"← Back","← Back"
"✓ Completed","✓ Completed"
"Locked","Locked"
"No campaign missions available","No campaign missions available"
"Rome","Rome"
"Carthage","Carthage"
"Neutral","Neutral"
"Loading map…","Loading map…"
"Control:","Control:"
"Legend","Legend"
"Select a Mission","Select a Mission"
"Mission briefing...","Mission briefing..."
"Cancel","Cancel"
"Campaign War Table • Mediterranean Theater","Campaign War Table • Mediterranean Theater"
"Campaign","Campaign"
"Campaign Chronicle •","Campaign Chronicle •"
"← Back","← Back"
"Campaign Chronicle","Campaign Chronicle"
"Campaign Progress:","Campaign Progress:"
"202 BC: recalled to Africa, Hannibal faces Scipio and Masinissa on the plain near Zama. The elephant lanes are prepared, the Roman camps are fortified, and the Iron Sepulcher no longer waits at the edge of history. Take all four camps and break both risings of the dead — nothing less ends this war.","202 BC: recalled to Africa, Hannibal faces Scipio and Masinissa on the plain near Zama. The elephant lanes are prepared, the Roman camps are fortified, and the Iron Sepulcher no longer waits at the edge of history. Take all four camps and break both risings of the dead — nothing less ends this war."
"215-212 BC: Capua and the Campanian allies sustain Hannibal while Rome avoids another Cannae and attacks roads, farms, and loyalties. Fortify the Punic supply quarter and break all three coordinated assaults — the quarter is not held until the last consular column lies dead in the streets.","215-212 BC: Capua and the Campanian allies sustain Hannibal while Rome avoids another Cannae and attacks roads, farms, and loyalties. Fortify the Punic supply quarter and break all three coordinated assaults — the quarter is not held until the last consular column lies dead in the streets."
"216 BC: the consuls mass Rome's greatest field army beside the Aufidus. Yield the Punic center by design, win both cavalry wings, close the double envelopment, then take the principal camp, the reserve camp, and the allied camp across the river road.","216 BC: the consuls mass Rome's greatest field army beside the Aufidus. Yield the Punic center by design, win both cavalry wings, close the double envelopment, then take the principal camp, the reserve camp, and the allied camp across the river road."
"217 BC: Flaminius pursues along the northern shore of Lake Trasimene. Mist closes the road between lake and wooded height — and it will not hold for long. Strike the length of the column and seize both field posts within twenty minutes, before the air clears and a cohort carries word out of the basin.","217 BC: Flaminius pursues along the northern shore of Lake Trasimene. Mist closes the road between lake and wooded height — and it will not hold for long. Strike the length of the column and seize both field posts within twenty minutes, before the air clears and a cohort carries word out of the basin."
"218 BC, winter: Sempronius Longus accepts the bait and drives his hungry army through the freezing Trebia. Hold the southern line and break all three crossings. You need not take his camp — you need only be standing when the river has finished with him.","218 BC, winter: Sempronius Longus accepts the bait and drives his hungry army through the freezing Trebia. Hold the southern line and break all three crossings. You need not take his camp — you need only be standing when the river has finished with him."
"218 BC: Hannibal turns from the Rhône into the Alps with soldiers, cavalry, baggage animals, and elephants. The pass cannot be taken by the sword alone — it must be paid for in timber, stone and iron. Set your builders to the slopes while the mountain peoples contest every switchback; do not follow the grave-lights into the snow.","218 BC: Hannibal turns from the Rhône into the Alps with soldiers, cavalry, baggage animals, and elephants. The pass cannot be taken by the sword alone — it must be paid for in timber, stone and iron. Set your builders to the slopes while the mountain peoples contest every switchback; do not follow the grave-lights into the snow."
"218 BC: near the Ticinus, Scipio's reconnaissance force tests Hannibal's cavalry. Win the mounted engagement, cut the bridge road, and overrun both Roman camps before their scouts carry a clean account back to the consul.","218 BC: near the Ticinus, Scipio's reconnaissance force tests Hannibal's cavalry. Win the mounted engagement, cut the bridge road, and overrun both Roman camps before their scouts carry a clean account back to the consul."
"218 BC: the Rhône must be secured faster than Publius Cornelius Scipio can bring his army from Massalia. In this altered campaign, Roman advance posts hold the eastern approaches. Cross by ford, pontoon, or wooded detour and seize their river camps.","218 BC: the Rhône must be secured faster than Publius Cornelius Scipio can bring his army from Massalia. In this altered campaign, Roman advance posts hold the eastern approaches. Cross by ford, pontoon, or wooded detour and seize their river camps."
"At dawn the market still stands and the consular roads are choked with Roman shields. Campania has bought the army another season, though every ally now understands how long Rome is willing to bleed.","At dawn the market still stands and the consular roads are choked with Roman shields. Campania has bought the army another season, though every ally now understands how long Rome is willing to bleed."
"Command Hannibal's Carthaginian army from the Alpine invasion of 218 BC to Zama in 202 BC. Break Roman camps, take fortified towns, preserve allied economies, and survive the Republic's answering legions while the Iron Sepulcher watches from roads older than either empire.","Command Hannibal's Carthaginian army from the Alpine invasion of 218 BC to Zama in 202 BC. Break Roman camps, take fortified towns, preserve allied economies, and survive the Republic's answering legions while the Iron Sepulcher watches from roads older than either empire."
"Flaminius and much of his army are lost beside the lake. Rome names Fabius dictator. In the drowned reeds, an Iron Sepulcher altar has fed well without choosing a side.","Flaminius and much of his army are lost beside the lake. Rome names Fabius dictator. In the drowned reeds, an Iron Sepulcher altar has fed well without choosing a side."
"The Barcid Road","The Barcid Road"
"The Roman army is destroyed and the camps are taken, yet Rome refuses negotiation. So many dead lie on the plain that the Sepulcher's iron bells sound beneath the earth for seven nights.","The Roman army is destroyed and the camps are taken, yet Rome refuses negotiation. So many dead lie on the plain that the Sepulcher's iron bells sound beneath the earth for seven nights."
"The Roman screen breaks and Scipio is carried from the field wounded. The Insubres see that Carthage can defeat Rome on Italian ground—but pale riders still haunt the abandoned ford.","The Roman screen breaks and Scipio is carried from the field wounded. The Insubres see that Carthage can defeat Rome on Italian ground—but pale riders still haunt the abandoned ford."
"The column reaches the plain of the Po diminished but unbroken. Italy lies below, and fires answer from Gallic settlements. Behind you, the sealed shrine in the pass begins counting the dead.","The column reaches the plain of the Po diminished but unbroken. Italy lies below, and fires answer from Gallic settlements. Behind you, the sealed shrine in the pass begins counting the dead."
"The ferries and supply road belong to Carthage. Scipio finds abandoned standards and cold cooking fires; Hannibal is already turning toward the mountains.","The ferries and supply road belong to Carthage. Scipio finds abandoned standards and cold cooking fires; Hannibal is already turning toward the mountains."
"The last standards fall under an African sky. Rome and Carthage will remember the field differently; the Iron Sepulcher remembers only that both armies finally entered its reach.","The last standards fall under an African sky. Rome and Carthage will remember the field differently; the Iron Sepulcher remembers only that both armies finally entered its reach."
"The survivors flee toward Placentia through sleet and mud. Roman tents, grain, and weapons are captured; bodies beneath the ice rise only when nobody is watching.","The survivors flee toward Placentia through sleet and mud. Roman tents, grain, and weapons are captured; bodies beneath the ice rise only when nobody is watching."
"Their commander is dead. The host breaks and its camps stand empty.","Their commander is dead. The host breaks and its camps stand empty."
"%1 has lost its commander. The host breaks and its camps stand empty.","%1 has lost its commander. The host breaks and its camps stand empty."
"Quintus Fabius Maximus","Quintus Fabius Maximus"
"Rome's delaying strategist who preserves armies through discipline and staying power.","Rome's delaying strategist who preserves armies through discipline and staying power."
"A campaign and scenario commander; never produced from a barracks.","A campaign and scenario commander; never produced from a barracks."
"Heavy spear commander who anchors a disciplined battle line.","Heavy spear commander who anchors a disciplined battle line."
"Boosts nearby troop endurance and slows collapse in grind fights.","Boosts nearby troop endurance and slows collapse in grind fights."
"Lower offensive pressure and weaker pursuit potential.","Lower offensive pressure and weaker pursuit potential."
"Fabian Endurance keeps nearby cohorts in line for prolonged fighting.","Fabian Endurance keeps nearby cohorts in line for prolonged fighting."
"Rally of Patience stabilizes wavering lines during attritional combat.","Rally of Patience stabilizes wavering lines during attritional combat."
"If killed or wounded, nearby allies lose confidence and the aura shuts off.","If killed or wounded, nearby allies lose confidence and the aura shuts off."
"Publius Cornelius Scipio","Publius Cornelius Scipio"
"Aggressive Roman consul focused on decisive strikes and tactical initiative.","Aggressive Roman consul focused on decisive strikes and tactical initiative."
"Sword-and-shield infantry commander who leads close behind the main assault line.","Sword-and-shield infantry commander who leads close behind the main assault line."
"Improves nearby offensive output and enables sharper counter-pushes.","Improves nearby offensive output and enables sharper counter-pushes."
"More vulnerable if isolated away from supporting infantry.","More vulnerable if isolated away from supporting infantry."
"Consular Assault boosts nearby legion attack tempo.","Consular Assault boosts nearby legion attack tempo."
"Consular Rally rapidly restores morale to wavering assault cohorts.","Consular Rally rapidly restores morale to wavering assault cohorts."
"Death of the consul causes a severe morale shock to nearby Romans.","Death of the consul causes a severe morale shock to nearby Romans."
"Marcus Claudius Marcellus","Marcus Claudius Marcellus"
"Roman field commander known for fast shock actions and relentless pressure.","Roman field commander known for fast shock actions and relentless pressure."
"Lightly armored bow commander who supports aggressive vanguard action.","Lightly armored bow commander who supports aggressive vanguard action."
"Raises maneuver speed for nearby troops, enabling faster local redeployment.","Raises maneuver speed for nearby troops, enabling faster local redeployment."
"Lower staying power than other Roman commanders.","Lower staying power than other Roman commanders."
"Vanguard Tempo accelerates nearby infantry movement and line repositioning.","Vanguard Tempo accelerates nearby infantry movement and line repositioning."
"Vanguard Rally snaps wavering attackers back into coherent motion.","Vanguard Rally snaps wavering attackers back into coherent motion."
"If Marcellus falls, nearby attackers suffer immediate morale drop.","If Marcellus falls, nearby attackers suffer immediate morale drop."
"Hanno the Great","Hanno the Great"
"Bronze-spear commander coordinating disciplined mercenary infantry.","Bronze-spear commander coordinating disciplined mercenary infantry."
"Mediocre direct combat impact and risky if exposed.","Mediocre direct combat impact and risky if exposed."
"Treasury Rally restores wavering troops and keeps formations from breaking.","Treasury Rally restores wavering troops and keeps formations from breaking."
"Death triggers contract panic, reducing confidence in nearby troops.","Death triggers contract panic, reducing confidence in nearby troops."
"Hasdrubal Barca","Hasdrubal Barca"
"Mobile Carthaginian field commander built around decisive flanking momentum.","Mobile Carthaginian field commander built around decisive flanking momentum."
"Fast bow commander built around flanking pressure and withdrawal.","Fast bow commander built around flanking pressure and withdrawal."
"Increases nearby unit speed for coordinated flanks and withdrawals.","Increases nearby unit speed for coordinated flanks and withdrawals."
"Less resilient in prolonged frontal attrition.","Less resilient in prolonged frontal attrition."
"Barcid Maneuver grants nearby troops superior movement control.","Barcid Maneuver grants nearby troops superior movement control."
"Flank Rally rapidly restores wavering units preparing to maneuver.","Flank Rally rapidly restores wavering units preparing to maneuver."
"Loss of Hasdrubal sharply drops morale among nearby mobile forces.","Loss of Hasdrubal sharply drops morale among nearby mobile forces."
"Hannibal Barca","Hannibal Barca"
"Carthage's premier battlefield commander from the Hannibal campaign.","Carthage's premier battlefield commander from the Hannibal campaign."
"Elite sword commander with an iconic standard and sacred-band armor.","Elite sword commander with an iconic standard and sacred-band armor."
"Delivers a strong nearby attack bonus and elite crisis rally response.","Delivers a strong nearby attack bonus and elite crisis rally response."
"High-value target; losing him causes severe local collapse.","High-value target; losing him causes severe local collapse."
"Hannibalic Offensive amplifies nearby attack power before decisive engagements.","Hannibalic Offensive amplifies nearby attack power before decisive engagements."
"Supreme Rally restores routing or wavering units to fighting order.","Supreme Rally restores routing or wavering units to fighting order."
"If Hannibal is killed or wounded, nearby allied morale takes a heavy shock and aura ends.","If Hannibal is killed or wounded, nearby allied morale takes a heavy shock and aura ends."
"Nearby allied spearmen regenerate health fastest inside the aura.","Nearby allied spearmen regenerate health fastest inside the aura."
"Bracing Thrust","Bracing Thrust"
"Nearby allied swordsmen gain the most bonus damage in aura range.","Nearby allied swordsmen gain the most bonus damage in aura range."
"Consular Riposte","Consular Riposte"
"Nearby allied archers move fastest while in aura range.","Nearby allied archers move fastest while in aura range."
"Point-blank Volley","Point-blank Volley"
"Carthaginian phalanx commander who holds ground with hired spear levies.","Carthaginian phalanx commander who holds ground with hired spear levies."
"Keeps a braced spear line standing far longer than it should.","Keeps a braced spear line standing far longer than it should."
"Contract Discipline knits nearby spear levies into an unbroken hedge.","Contract Discipline knits nearby spear levies into an unbroken hedge."
"Nearby allied spearmen recover health fastest inside the aura.","Nearby allied spearmen recover health fastest inside the aura."
"Phalanx Sweep","Phalanx Sweep"
"Nearby allied archers gain the most movement speed in aura range.","Nearby allied archers gain the most movement speed in aura range."
"Hunting Shot","Hunting Shot"
"Nearby allied swordsmen gain substantial attack damage in aura range.","Nearby allied swordsmen gain substantial attack damage in aura range."
"Encircling Cut","Encircling Cut"
"Iron and Ember","Iron and Ember"
"Scale %1×  ·  %2  ·  colour vision: %3","Scale %1×  ·  %2  ·  colour vision: %3"
"reduced motion","reduced motion"
"full motion","full motion"
"Buttons","Buttons"
"Primary","Primary"
"Secondary","Secondary"
"Destructive","Destructive"
"Disabled","Disabled"
"Unavailable in this state","Unavailable in this state"
"Search","Search"
"Selected","Selected"
"Orders","Orders"
"Attack","Attack"
"Guard","Guard"
"Patrol","Patrol"
"Rally","Rally"
"Build","Build"
"Build is only available to builders","Build is only available to builders"
"Faction skins","Faction skins"
"Selection","Selection"
"Roman Spearmen ×24","Roman Spearmen ×24"
"Defense formation","Defense formation"
"Spearmen","Spearmen"
"Archers","Archers"
"Inputs","Inputs"
"Balanced","Balanced"
"Aggressive","Aggressive"
"Defensive","Defensive"
"Reduced motion","Reduced motion"
"Collapses transitions to an instant state change","Collapses transitions to an instant state change"
"Objectives","Objectives"
"Capture the eastern barracks","Capture the eastern barracks"
"Hold the ford until dusk","Hold the ford until dusk"
"Do not lose the commander","Do not lose the commander"
"Take no losses","Take no losses"
"Notification priorities","Notification priorities"
"Commander under attack","Commander under attack"
"Eastern approach, 3 hostiles","Eastern approach, 3 hostiles"
"Barracks destroyed","Barracks destroyed"
"Spearmen ready","Spearmen ready"
"Supply route restored","Supply route restored"
"Unit activities","Unit activities"
"Press a key or click a mouse button. Backspace clears it, Esc cancels.","Press a key or click a mouse button. Backspace clears it, Esc cancels."
"Select a command to rebind it.","Select a command to rebind it."
"Reset all","Reset all"
"Every binding is already at its default.","Every binding is already at its default."
"%1 is already used by %2.","%1 is already used by %2."
"Use it here anyway","Use it here anyway"
"Keep as it is","Keep as it is"
"Taking it leaves the other command unbound.","Taking it leaves the other command unbound."
"Conflicts with %1","Conflicts with %1"
"Press a key…","Press a key…"
"Unbound","Unbound"
"Default","Default"
"This binding is already the default.","This binding is already the default."
"Standard","Standard"
"Iron and Ember","Iron and Ember"
"Roman Republic","Roman Republic"
"Senatus Populusque Romanus","Senatus Populusque Romanus"
"Carthage","Carthage"
"Qart-Ḥadašt","Qart-Ḥadašt"
"Iron Sepulcher","Iron Sepulcher"
"The watch does not sleep","The watch does not sleep"
"No units selected.","No units selected."
"No units eligible for formation placement.","No units eligible for formation placement."
"This doctrine has no template for the chosen formation.","This doctrine has no template for the chosen formation."
"No part of this formation fits on the chosen ground.","No part of this formation fits on the chosen ground."
"Faction Default","Faction Default"
"Line","Line"
"Column","Column"
"Defensive","Defensive"
"Assault","Assault"
"Encirclement","Encirclement"
"Siege Escort","Siege Escort"
"Neutral","Neutral"
"Roman Republic","Roman Republic"
"Requires at least one siege engine in the selection.","Requires at least one siege engine in the selection."
"Requires cavalry or mounted troops to close the encirclement.","Requires cavalry or mounted troops to close the encirclement."
"Carthage","Carthage"
"The Iron Sepulcher","The Iron Sepulcher"
"%1 has no template for this intent.","%1 has no template for this intent."
"The selection lacks the troop types this formation needs.","The selection lacks the troop types this formation needs."
"Encirclement needs at least three units.","Encirclement needs at least three units."
"Forming up","Forming up"
"Formed","Formed"
"Disrupted","Disrupted"
"Breaking","Breaking"
"The deployment this faction fights in by default. No setup needed.","The deployment this faction fights in by default. No setup needed."
"Widest frontage. Best for meeting an advance head on.","Widest frontage. Best for meeting an advance head on."
"Narrow and deep. Best for moving through gates and passes.","Narrow and deep. Best for moving through gates and passes."
"Compressed frontage with reserves. Best for holding ground.","Compressed frontage with reserves. Best for holding ground."
"Weighted front with skirmishers ahead. Best for breaking a line.","Weighted front with skirmishers ahead. Best for breaking a line."
"Wide flanks that close around a target. Needs cavalry.","Wide flanks that close around a target. Needs cavalry."
"Engines protected behind infantry. Needs a siege engine.","Engines protected behind infantry. Needs a siege engine."
"Frontage","Frontage"
"Narrow","Narrow"
"Balanced","Balanced"
"Wide","Wide"
"Depth","Depth"
"Shallow","Shallow"
"Deep","Deep"
"Spacing","Spacing"
"Tight","Tight"
"Normal","Normal"
"Loose","Loose"
"Left","Left"
"Split","Split"
"Right","Right"
"None","None"
"One row","One row"
"Two rows","Two rows"
"Mixed armies","Mixed armies"
"By role","By role"
"Separate contingents","Separate contingents"
"Doctrine","Doctrine"
"Reset to faction default","Reset to faction default"
"%1 m","%1 m"
"Choose a formation","Choose a formation"
"%1 · %2 units","%1 · %2 units"
"Shape","Shape"
"%1 × %2","%1 × %2"
"In place","In place"
"%1 position(s) nudged to fit the ground.","%1 position(s) nudged to fit the ground."
"Drag on the ground to set width and facing.","Drag on the ground to set width and facing."
"Click to deploy · Wheel to turn · Ctrl+wheel for depth · Right-click or Esc to cancel","Click to deploy · Wheel to turn · Ctrl+wheel for depth · Right-click or Esc to cancel"
"Hide fine tuning","Hide fine tuning"
"Fine tuning","Fine tuning"
"How wide the deployment spreads before it starts adding ranks behind.","How wide the deployment spreads before it starts adding ranks behind."
"How many ranks stand behind the front. Deeper hits harder but covers less ground.","How many ranks stand behind the front. Deeper hits harder but covers less ground."
"The gap between units. Tight holds shape better; loose loses less to area attacks.","The gap between units. Tight holds shape better; loose loses less to area attacks."
"Which wing the cavalry weights. Split puts an equal body on each wing.","Which wing the cavalry weights. Split puts an equal body on each wing."
"Cavalry wing","Cavalry wing"
"Where archers and slingers stand. Skirmish sends them out ahead and pulls them back on contact.","Where archers and slingers stand. Skirmish sends them out ahead and pulls them back on contact."
"Missile troops","Missile troops"
"In front","In front"
"Behind","Behind"
"Skirmish ahead","Skirmish ahead"
"Rows held back from the fighting line to plug gaps.","Rows held back from the fighting line to plug gaps."
"Reserve rows","Reserve rows"
"Doctrine decides","Doctrine decides"
"Reform is faster and copes with chokepoints. Maintain keeps the shape on the march but moves slower.","Reform is faster and copes with chokepoints. Maintain keeps the shape on the march but moves slower."
"On the march","On the march"
"Reform on arrival","Reform on arrival"
"Hold the shape","Hold the shape"
"How a selection drawn from several factions is arranged.","How a selection drawn from several factions is arranged."
"Follow the commander","Follow the commander"
"Follow the majority","Follow the majority"
"Sorting groups the same troop types together. Keeping the order leaves each unit where it already stands in the line.","Sorting groups the same troop types together. Keeping the order leaves each unit where it already stands in the line."
"Slot order","Slot order"
"Sort by type","Sort by type"
"Keep current order","Keep current order"
"Which drill book shapes the deployment. Automatic follows the troops you selected.","Which drill book shapes the deployment. Automatic follows the troops you selected."
"Formed","Formed"
"Disrupted","Disrupted"
"Breaking","Breaking"
"Forming up","Forming up"
"The line is holding its shape and takes reduced damage.","The line is holding its shape and takes reduced damage."
"The line has come apart and is taking extra damage. Re-issue the formation order to reform.","The line has come apart and is taking extra damage. Re-issue the formation order to reform."
"The formation is breaking up.","The formation is breaking up."
"Units are still moving into their slots.","Units are still moving into their slots."
"Cohesion %1%","Cohesion %1%"
"%1 units","%1 units"
"Selection spans several formations.","Selection spans several formations."
"%1 slot(s) blocked by terrain.","%1 slot(s) blocked by terrain."
"Standard of Iron — Iron and Ember Gallery","Standard of Iron — Iron and Ember Gallery"
"Scale","Scale"
"Reduce motion","Reduce motion"
"High contrast","High contrast"
"Reset","Reset"
"Iron and Ember — every control the product may use","Iron and Ember — every control the product may use"
"Cannot save: empty slot name","Cannot save: empty slot name"
"Save service is shutting down","Save service is shutting down"
"Queued","Queued"
"Serializing world","Serializing world"
"Compressing","Compressing"
"Writing","Writing"
"Exception while saving: %1","Exception while saving: %1"
"Save cancelled","Save cancelled"
"Done","Done"
"Save storage unavailable","Save storage unavailable"
"Save slot '%1' is corrupted: %2","Save slot '%1' is corrupted: %2"
"Exception while loading save '%1': %2","Exception while loading save '%1': %2"
"Cannot write '%1': %2","Cannot write '%1': %2"
"Failed to write '%1': %2","Failed to write '%1': %2"
"Cannot read '%1': %2","Cannot read '%1': %2"
"wood","wood"
"stone","stone"
"iron","iron"
"Maximum troop limit reached. Cannot produce more units.","Maximum troop limit reached. Cannot produce more units."
"Not enough manpower. Build homes or wait for families.","Not enough manpower. Build homes or wait for families."
"Select your marketplace to trade.","Select your marketplace to trade."
"Marketplace can trade only wood, stone, or iron.","Marketplace can trade only wood, stone, or iron."
"Not enough gold to buy %1.","Not enough gold to buy %1."
"Cannot buy %1 right now.","Cannot buy %1 right now."
"Not enough %1 to sell.","Not enough %1 to sell."
"Cannot sell %1 right now.","Cannot sell %1 right now."
"Campaign manager not initialized","Campaign manager not initialized"
"Failed to load mission","Failed to load mission"
"Failed to load mission preview: %1","Failed to load mission preview: %1"
"Cannot start skirmish: renderer not initialized","Cannot start skirmish: renderer not initialized"
"Save: not initialized","Save: not initialized"
"A save is already in progress","A save is already in progress"
"Queued","Queued"
"Cancelling...","Cancelling..."
"Load: not initialized","Load: not initialized"
"%1/%2 walls  •  %3 wood","%1/%2 walls  •  %3 wood"
"Enemy target","Enemy target"
"Cannot attack ally","Cannot attack ally"
"Cannot attack this target","Cannot attack this target"
"Selection cannot attack","Selection cannot attack"
"In range","In range"
"Too close","Too close"
"Out of range","Out of range"
"No firing line","No firing line"
"Attack","Attack"
"Select troops first","Select troops first"
"Guard","Guard"
"Patrol","Patrol"
"Stop","Stop"
"Hold","Hold"
"No troops selected","No troops selected"
"Orders ready","Orders ready"
"Attack order","Attack order"
"Guard order","Guard order"
"Patrol order","Patrol order"
"Medic order","Medic order"
"Engineer order","Engineer order"
"Collection order","Collection order"
"Barracks delivery","Barracks delivery"
"Formation order","Formation order"
"Rally order","Rally order"
"Stop command","Stop command"
"Attack enemy units or buildings. Only eligible selected troops receive the order.","Attack enemy units or buildings. Only eligible selected troops receive the order."
"Attack is not available for the current selection","Attack is not available for the current selection"
"Guard a position. Only guard-capable troops receive the order.","Guard a position. Only guard-capable troops receive the order."
"Guard is not available for the current selection","Guard is not available for the current selection"
"Patrol between waypoints.","Patrol between waypoints."
"Patrol is not available for the current selection","Patrol is not available for the current selection"
"Medic","Medic"
"Healers tend nearby allies on their own.","Healers tend nearby allies on their own."
"Healers automatically heal nearby allies. This is passive, not a manual order.","Healers automatically heal nearby allies. This is passive, not a manual order."
"Select healer units","Select healer units"
"Stop all actions immediately.","Stop all actions immediately."
"Hold position and defend.","Hold position and defend."
"Hold is not available for the current selection","Hold is not available for the current selection"
"Build","Build"
"Open builder orders and place structures.","Open builder orders and place structures."
"Build is only available to builders","Build is only available to builders"
"Collect","Collect"
"Click a tree, boulder or ore deposit. Right-click to cancel.","Click a tree, boulder or ore deposit. Right-click to cancel."
"Collect is only available to builders","Collect is only available to builders"
"Deliver","Deliver"
"Click a friendly barracks. Only selected civilians receive the order.","Click a friendly barracks. Only selected civilians receive the order."
"Deliver is only available to civilians","Deliver is only available to civilians"
"Rally","Rally"
"The commander plants a rally flag; troops march to it once placed.","The commander plants a rally flag; troops march to it once placed."
"Select a commander to use rally","Select a commander to use rally"
"Gate","Gate"
"Cycle the selected gates: automatic, held open, held shut.","Cycle the selected gates: automatic, held open, held shut."
"Select one of your gates to control it","Select one of your gates to control it"
"Aura","Aura"
"Temporarily empower nearby troops. A glow marks every affected soldier.","Temporarily empower nearby troops. A glow marks every affected soldier."
"Select a ready commander to activate the aura","Select a ready commander to activate the aura"
"Repair order","Repair order"
"Auto Gather","Auto Gather"
"Builders keep finding and collecting the nearest resource on their own. Any new order cancels it.","Builders keep finding and collecting the nearest resource on their own. Any new order cancels it."
"Auto Gather is only available to builders","Auto Gather is only available to builders"
"Repair","Repair"
"Click a damaged building of yours. Right-click to cancel.","Click a damaged building of yours. Right-click to cancel."
"Repair is only available to builders","Repair is only available to builders"
"Commander","Commander"
"Commander unavailable","Commander unavailable"
"Choose destination","Choose destination"
"Planting flag","Planting flag"
"Moving commander","Moving commander"
"Flag active","Flag active"
"Ready","Ready"
"Left-click a destination to confirm the rally flag.","Left-click a destination to confirm the rally flag."
"The commander is planting the flag. Interruptions will cancel the rally.","The commander is planting the flag. Interruptions will cancel the rally."
"The commander is marching to the chosen point before planting the flag.","The commander is marching to the chosen point before planting the flag."
"Troops have already received a normal move order to this rally flag.","Troops have already received a normal move order to this rally flag."
"Choose a destination, march there, plant the flag, then order all controllable troops there.","Choose a destination, march there, plant the flag, then order all controllable troops there."
"Cancel Rally Placement","Cancel Rally Placement"
"Rally In Progress","Rally In Progress"
"Reposition Rally [R]","Reposition Rally [R]"
"Place Rally [R]","Place Rally [R]"
"Vanguard Rush","Vanguard Rush"
"Explode forward into the focused enemy and open a punish.","Explode forward into the focused enemy and open a punish."
"Second Wind","Second Wind"
"Recover posture and stamina, then steady yourself for the next exchange.","Recover posture and stamina, then steady yourself for the next exchange."
"Shield Bash","Shield Bash"
"Guard-gated stagger burst that punishes enemies crowding your front.","Guard-gated stagger burst that punishes enemies crowding your front."
"Command Aura","Command Aura"
"Temporarily empower nearby troops. A glow marks every affected soldier.","Temporarily empower nearby troops. A glow marks every affected soldier."
"Disconnected","Disconnected"
"Guard broken","Guard broken"
"Punish window","Punish window"
"Sprinting","Sprinting"
"Steady","Steady"
"COMMANDER","COMMANDER"
"Frontline command","Frontline command"
"Aura active","Aura active"
"Aura ready","Aura ready"
"Aura cooling","Aura cooling"
"HP %1/%2","HP %1/%2"
"STM %1%","STM %1%"
"Stable","Stable"
"Posture","Posture"
"Chase","Chase"
"State: %1","State: %1"
"Perfect guard live","Perfect guard live"
"Finisher primed","Finisher primed"
"Aura %1","Aura %1"
"empowers nearby troops","empowers nearby troops"
"is recovering","is recovering"
"Camera: %1","Camera: %1"
"ORDERS","ORDERS"
"ABILITIES","ABILITIES"
"Rally","Rally"
"Command Aura Active · %1s","Command Aura Active · %1s"
"Activate Command Aura [3]","Activate Command Aura [3]"
"Command Aura · %1s cooldown","Command Aura · %1s cooldown"
"Temporarily empower nearby troops. Every affected soldier receives a visible glow.","Temporarily empower nearby troops. Every affected soldier receives a visible glow."
"Combo","Combo"
"%1 [%2]","%1 [%2]"
"COMBAT CONTROLS","COMBAT CONTROLS"
"[LMB] Strike  [RMB] Guard","[LMB] Strike  [RMB] Guard"
"[Space] Dodge  [Alt] Jump","[Space] Dodge  [Alt] Jump"
"[WASD] Move  [Shift] Sprint","[WASD] Move  [Shift] Sprint"
"[Tab] Cycle Target  [3] Aura  [C] Camera","[Tab] Cycle Target  [3] Aura  [C] Camera"
"[R] Rally Orders  [Enter] Return to RTS","[R] Rally Orders  [Enter] Return to RTS"
"[F] Bash  [1] Rush  [2] Second Wind","[F] Bash  [1] Rush  [2] Second Wind"
"[Tab] Target  [1] Rush  [2] Second Wind  [3] Aura  [F] Bash","[Tab] Target  [1] Rush  [2] Second Wind  [3] Aura  [F] Bash"
"[R] Place Rally  [C] Camera  [Enter] Return to RTS","[R] Place Rally  [C] Camera  [Enter] Return to RTS"
"Rally autopilot engaged until the flag is planted","Rally autopilot engaged until the flag is planted"
"Combat HUD synced for close-quarters command","Combat HUD synced for close-quarters command"
"First-person command engaged","First-person command engaged"
"The aura is not ready yet.","The aura is not ready yet."
"MINIMAP","MINIMAP"
"[You]","[You]"
"Resume","Resume"
"Pause","Pause"
"Resume the battle to change speed","Resume the battle to change speed"
"Follow the selection with the camera","Follow the selection with the camera"
"Reset the camera","Reset the camera"
"SPECTATOR","SPECTATOR"
"Watching a CPU-only match. You cannot issue commands.","Watching a CPU-only match. You cannot issue commands."
"Population","Population"
"Human players","Human players"
"AI players","AI players"
"Enemies defeated","Enemies defeated"
"Minimap","Minimap"
"(%1/%2)","(%1/%2)"
"Unbound","Unbound"
"Mouse Left","Mouse Left"
"Mouse Right","Mouse Right"
"Mouse Middle","Mouse Middle"
"Mouse Back","Mouse Back"
"Mouse Forward","Mouse Forward"
"%1 of %2","%1 of %2"
"Pick a target","Pick a target"
"OK","OK"
"Battle Report","Battle Report"
"The Campaign is Won","The Campaign is Won"
"Victory Secured","Victory Secured"
"Army Broken","Army Broken"
"Every mission has fallen to your standard.","Every mission has fallen to your standard."
"Enemy command has fallen.","Enemy command has fallen."
"Your command has collapsed.","Your command has collapsed."
"Search","Search"
"Selected units","Selected units"
"SELECTION","SELECTION"
"SELECTED UNIT","SELECTED UNIT"
"SELECTED FORCE","SELECTED FORCE"
"%1 soldiers ready","%1 soldiers ready"
"1 unit","1 unit"
"%1 units","%1 units"
"%1 units  ·  %2 types","%1 units  ·  %2 types"
"Drag a box over your troops, or click a unit","Drag a box over your troops, or click a unit"
"HEALTH","HEALTH"
"%1%","%1%"
"STAMINA","STAMINA"
"%1 wounded","%1 wounded"
"(mixed)","(mixed)"
"Map load failed: %1","Map load failed: %1"
"Prewarming templates: scanning unit profiles...","Prewarming templates: scanning unit profiles..."
"Prewarming templates: %1 / %2","Prewarming templates: %1 / %2"
"Queued deferred template warmup (%1 additional)","Queued deferred template warmup (%1 additional)"
"Template warmup complete (%1 core, %2 total)","Template warmup complete (%1 core, %2 total)"
"Template warmup cancelled","Template warmup cancelled"
"Load Game","Load Game"
"Cancel","Cancel"
"No saves found","No saves found"
"No Preview","No Preview"
"Load","Load"
"Delete","Delete"
"Confirm Delete","Confirm Delete"
"Are you sure you want to delete the save:\n""%1""?\n\nThis action cannot be undone.","Are you sure you want to delete the save:\n""%1""?\n\nThis action cannot be undone."
"%1h %2m","%1h %2m"
"%1m","%1m"
"Campaign","Campaign"
"Skirmish","Skirmish"
"%1 - autosave","%1 - autosave"
"%1 - quicksave","%1 - quicksave"
"%1 · %2","%1 · %2"
"Saved %1","Saved %1"
"Played %1","Played %1"
"Export","Export"
"Exported to %1","Exported to %1"
"Export failed","Export failed"
"Verify","Verify"
"Verification Passed","Verification Passed"
"Verification Failed","Verification Failed"
"""%1"" is intact. The save file has not been corrupted.","""%1"" is intact. The save file has not been corrupted."
"""%1"" is corrupted and cannot be loaded. The save failed its integrity check.","""%1"" is corrupted and cannot be loaded. The save failed its integrity check."
"Import...","Import..."
"Save Verification","Save Verification"
"Import Save","Import Save"
"Save files found in the exports folder:","Save files found in the exports folder:"
"Import","Import"
"Imported as ""%1""","Imported as ""%1"""
"Import failed","Import failed"
"No importable save files were found.","No importable save files were found."
"Untitled Save","Untitled Save"
"Unknown Map","Unknown Map"
"Pick a saved game first.","Pick a saved game first."
"Loading...","Loading..."
"Not Started","Not Started"
"Initializing...","Initializing..."
"Loading Map Data...","Loading Map Data..."
"Loading Terrain...","Loading Terrain..."
"Loading Biome...","Loading Biome..."
"Loading Water Features...","Loading Water Features..."
"Loading Roads...","Loading Roads..."
"Loading Environment...","Loading Environment..."
"Loading Fog...","Loading Fog..."
"Loading Units & Buildings...","Loading Units & Buildings..."
"Loading Audio...","Loading Audio..."
"Generating Minimap...","Generating Minimap..."
"Initializing Game Systems...","Initializing Game Systems..."
"Finalizing...","Finalizing..."
"Complete","Complete"
"Failed","Failed"
"Unknown","Unknown"
"Standard of Iron - RTS Game","Standard of Iron - RTS Game"
"PAUSED","PAUSED"
"Press Space to resume","Press Space to resume"
"Error","Error"
"STANDARD OF IRON","STANDARD OF IRON"
"Save Game","Save Game"
"Load Game","Load Game"
"Settings","Settings"
"Exit","Exit"
"Play Skirmish","Play Skirmish"
"Choose the field and deploy armies","Choose the field and deploy armies"
"Battle","Battle"
"Campaign","Campaign"
"March through the Second Punic War","March through the Second Punic War"
"War Map","War Map"
"Objectives","Objectives"
"Review active orders","Review active orders"
"Orders","Orders"
"Record the current campaign state","Record the current campaign state"
"Archive","Archive"
"Return to a saved command","Return to a saved command"
"Return","Return"
"Display, audio, and controls","Display, audio, and controls"
"Options","Options"
"Leave the war table","Leave the war table"
"Retire","Retire"
"Rome and Carthage at the edge of empire","Rome and Carthage at the edge of empire"
"SECOND PUNIC WAR","SECOND PUNIC WAR"
"Legions, fleets, elephants, and contested supply lines","Legions, fleets, elephants, and contested supply lines"
"SPQR","SPQR"
"QART-HADAST","QART-HADAST"
"Enter","Enter"
"Esc","Esc"
"Navigate","Navigate"
"Confirm","Confirm"
"Resume battle","Resume battle"
"Hannibal Barca","Hannibal Barca"
"Scipio Africanus","Scipio Africanus"
"CARTHAGE","CARTHAGE"
"ROME","ROME"
"Maps","Maps"
"No maps available","No maps available"
"Map Preview","Map Preview"
"Player bases shown as colored circles","Player bases shown as colored circles"
"Select a map\nto see preview","Select a map\nto see preview"
"No preview available","No preview available"
"Maps","Maps"
"No maps available","No maps available"
"Loading maps...","Loading maps..."
"► %1","► %1"
"Select a map to continue","Select a map to continue"
"Loading map details...","Loading map details..."
"No Map Selected","No Map Selected"
"Players","Players"
"• Click color/team to cycle","• Click color/team to cycle"
"Player color: %1 - Click to change","Player color: %1 - Click to change"
"Color","Color"
"Team %1 - Click to change","Team %1 - Click to change"
"Team %1","Team %1"
"Remove player","Remove player"
"+ Add CPU","+ Add CPU"
"Add AI opponent","Add AI opponent"
"Back","Back"
"Return to main menu (Esc)","Return to main menu (Esc)"
"Play","Play"
"Start game (Enter)","Start game (Enter)"
"Roman Republic","Roman Republic"
"Commander","Commander"
"• Click nation tag to change","• Click nation tag to change"
"Disable player (spectator mode)","Disable player (spectator mode)"
"Enable player","Enable player"
"Nation: %1 - Click to change","Nation: %1 - Click to change"
"Nation","Nation"
"Commander: %1 - Click to change","Commander: %1 - Click to change"
"Available Player Slots: %1","Available Player Slots: %1"
"Select your player ID:","Select your player ID:"
"ID %1","ID %1"
"All other slots will be CPU-controlled","All other slots will be CPU-controlled"
"CPU will control: ID %1","CPU will control: ID %1"
", ID",", ID"
"Need at least 1 enabled player to start","Need at least 1 enabled player to start"
"Need at least 2 enabled players to start","Need at least 2 enabled players to start"
"At least two teams must be selected to start a match","At least two teams must be selected to start a match"
"Every slot on this map is taken","Every slot on this map is taken"
"Player %1","Player %1"
"CPU %1","CPU %1"
"Player %1","Player %1"
"AI Player %1","AI Player %1"
"Unnamed Map","Unnamed Map"
"A balanced Mediterranean skirmish map set among olive groves, dry wadis, terraced hills, and dusty farm roads. Control of the center and side ridges helps, but victory is standard barracks elimination.","A balanced Mediterranean skirmish map set among olive groves, dry wadis, terraced hills, and dusty farm roads. Control of the center and side ridges helps, but victory is standard barracks elimination."
"A large balanced mountain skirmish map with two fortified bases, a contested central ridge, narrow high passes, flank trails, alpine streams, and strong archer positions. Victory is standard barracks elimination.","A large balanced mountain skirmish map with two fortified bases, a contested central ridge, narrow high passes, flank trails, alpine streams, and strong archer positions. Victory is standard barracks elimination."
"A rich strategic crossroads map with contested central bridges, neutral corner barracks, flank routes, and high ground around key crossings.","A rich strategic crossroads map with contested central bridges, neutral corner barracks, flank routes, and high ground around key crossings."
"Battle of Cannae","Battle of Cannae"
"Battle of Lake Trasimene","Battle of Lake Trasimene"
"Battle of Ticino","Battle of Ticino"
"Battle of Trebia","Battle of Trebia"
"Battle of Zama","Battle of Zama"
"Campania Campaign","Campania Campaign"
"Crossing the Alps","Crossing the Alps"
"Crossing the Rhone - Polished Maze Version","Crossing the Rhone - Polished Maze Version"
"Forest Battlefield","Forest Battlefield"
"Iron Sepulcher Watch","Iron Sepulcher Watch"
"Mountain Strongholds","Mountain Strongholds"
"River Crossroads","River Crossroads"
"Small authored scenario that demonstrates ruins, a shrine, and undead awakening zones.","Small authored scenario that demonstrates ruins, a shrine, and undead awakening zones."
"Spanish Olive Grove","Spanish Olive Grove"
"A dense symmetrical forest battlefield for two active players, built around road reading, ambush forests, hill control, side objectives, and two neutral barracks. There are no rivers, bridges, or mountains. Roads deliberately route around hills instead of crossing over them.","A dense symmetrical forest battlefield for two active players, built around road reading, ambush forests, hill control, side objectives, and two neutral barracks. There are no rivers, bridges, or mountains. Roads deliberately route around hills instead of crossing over them."
"Loading map…","Loading map…"
"Tilt -","Tilt -"
"Tilt +","Tilt +"
"Reset view","Reset view"
"Control:","Control:"
"Legend","Legend"
"Rome","Rome"
"Carthage","Carthage"
"Neutral","Neutral"
"Mission Region","Mission Region"
"Rhône","Rhône"
"N. Italy","N. Italy"
"Trasimene","Trasimene"
"Cannae","Cannae"
"Zama","Zama"
"The Alps","The Alps"
"Campania","Campania"
"S. Italy","S. Italy"
"Arrows pan  ·  Drag to rotate  ·  Scroll or +/- to zoom  ·  Home resets","Arrows pan  ·  Drag to rotate  ·  Scroll or +/- to zoom  ·  Home resets"
"Suffete Command","Suffete Command"
"Consular Command","Consular Command"
"Carthaginian High Command","Carthaginian High Command"
"Roman High Command","Roman High Command"
"Unknown","Unknown"
"Sealed","Sealed"
"In Progress","In Progress"
"Rewards: Sealed until prior victories","Rewards: Sealed until prior victories"
"Rewards: Laurels Inscribed • Veteran Honors Claimed","Rewards: Laurels Inscribed • Veteran Honors Claimed"
"Rewards: Bronze Standard • Veteran Cohort","Rewards: Bronze Standard • Veteran Cohort"
"Dispatch:","Dispatch:"
"Campaign Objectives (complete all):","Campaign Objectives (complete all):"
"Campaign Objectives (complete any):","Campaign Objectives (complete any):"
"Campaign Objectives:","Campaign Objectives:"
"Complete mission objective","Complete mission objective"
"Optional:","Optional:"
"Complete optional objective","Complete optional objective"
"Failure:","Failure:"
"Avoid mission failure","Avoid mission failure"
"• Complete the mission successfully","• Complete the mission successfully"
"Army Composition:","Army Composition:"
"Historical Ledger:","Historical Ledger:"
"Casualties Forecast:","Casualties Forecast:"
"Tactical Rating:","Tactical Rating:"
"Campaign Success:","Campaign Success:"
"Opposition Command","Opposition Command"
"Field Command Pending","Field Command Pending"
"No named commander assigned to this force.","No named commander assigned to this force."
"Orders sealed until prior victories are secured.","Orders sealed until prior victories are secured."
"Victory recorded. You may replay this engagement at will.","Victory recorded. You may replay this engagement at will."
"Orders issued. Deploy when ready.","Orders issued. Deploy when ready."
"Replay Mission","Replay Mission"
"Start Mission","Start Mission"
"Complete previous missions to unlock","Complete previous missions to unlock"
"Locked","Locked"
"✓ Completed","✓ Completed"
"Apulian river plain","Apulian river plain"
"Campanian plain","Campanian plain"
"Lakeside hill country","Lakeside hill country"
"Mountain","Mountain"
"North African plain","North African plain"
"Po valley river plain","Po valley river plain"
"River valley","River valley"
"Winter river plain","Winter river plain"
"✓ Archived","✓ Archived"
"Sealed","Sealed"
"Open Order","Open Order"
"Difficulty:","Difficulty:"
"east","east"
"west","west"
"south","south"
"north","north"
"southeast","southeast"
"northeast","northeast"
"southwest","southwest"
"northwest","northwest"
"Enemy","Enemy"
"Assault phase %1/%2: %3 from the %4 (%5 units)","Assault phase %1/%2: %3 from the %4 (%5 units)"
"Wave %1/%2 forming to the %3: %4, roughly %5 troops. Brace.","Wave %1/%2 forming to the %3: %4, roughly %5 troops. Brace."
"Wave %1/%2 broken. The line holds.","Wave %1/%2 broken. The line holds."
"All %1 assault phases broken. Nothing else is coming.","All %1 assault phases broken. Nothing else is coming."
"Player %1","Player %1"
"AI Player %1","AI Player %1"
"AI Wave %1","AI Wave %1"
"202 BC: Scipio arranged lanes through his infantry to blunt Hannibal's elephants, while Masinissa and Laelius commanded superior allied cavalry. The returning cavalry helped decide the battle. The Sepulcher intervention is the campaign's deliberate dark-fantasy break from history.","202 BC: Scipio arranged lanes through his infantry to blunt Hannibal's elephants, while Masinissa and Laelius commanded superior allied cavalry. The returning cavalry helped decide the battle. The Sepulcher intervention is the campaign's deliberate dark-fantasy break from history."
"215-212 BC: Hannibal campaigned across Campania while Capua served as his principal Italian ally and winter base. This dark-fantasy composite condenses several Roman attempts to contain and isolate the Carthaginian army.","215-212 BC: Hannibal campaigned across Campania while Capua served as his principal Italian ally and winter base. This dark-fantasy composite condenses several Roman attempts to contain and isolate the Carthaginian army."
"216 BC: beside the Aufidus, Hannibal's deliberately yielding center drew a much larger Roman infantry mass forward while African infantry attacked its flanks and Carthaginian cavalry closed the rear. Two Roman camps supported the army.","216 BC: beside the Aufidus, Hannibal's deliberately yielding center drew a much larger Roman infantry mass forward while African infantry attacked its flanks and Carthaginian cavalry closed the rear. Two Roman camps supported the army."
"217 BC: Hannibal drew Gaius Flaminius along the narrow northern shore of Lake Trasimene and attacked from concealed high ground in morning mist. The Roman marching column had little room to deploy and Flaminius was killed.","217 BC: Hannibal drew Gaius Flaminius along the narrow northern shore of Lake Trasimene and attacked from concealed high ground in morning mist. The Roman marching column had little room to deploy and Flaminius was killed."
"218 BC: Hannibal crossed the Alps with a multinational army, cavalry, baggage train, and surviving elephants. Ancient sources disagree on the route; this scenario combines contested passes and local attacks into one dark-fantasy ascent.","218 BC: Hannibal crossed the Alps with a multinational army, cavalry, baggage train, and surviving elephants. Ancient sources disagree on the route; this scenario combines contested passes and local attacks into one dark-fantasy ascent."
"218 BC: Hannibal crossed the Rhône upstream from its mouth using boats, rafts, and a detached force sent across to turn local opposition. Scipio arrived too late; this altered history places Roman advance camps on the far-bank road to create the opening Carthage-versus-Rome engagement.","218 BC: Hannibal crossed the Rhône upstream from its mouth using boats, rafts, and a detached force sent across to turn local opposition. Scipio arrived too late; this altered history places Roman advance camps on the far-bank road to create the opening Carthage-versus-Rome engagement."
"218 BC: the Ticinus was primarily a cavalry engagement between reconnaissance forces. Roman consul Publius Cornelius Scipio was wounded and rescued during the retreat; the camp assault is a plausible dark-fantasy extension of that pursuit.","218 BC: the Ticinus was primarily a cavalry engagement between reconnaissance forces. Roman consul Publius Cornelius Scipio was wounded and rescued during the retreat; the camp assault is a plausible dark-fantasy extension of that pursuit."
"A broad river operation with ferries, wooded detours, bridgeheads, and fortified supply quarters; the Iron Sepulcher occupies an avoidable ruin on the southern flank.","A broad river operation with ferries, wooded detours, bridgeheads, and fortified supply quarters; the Iron Sepulcher occupies an avoidable ruin on the southern flank."
"A commander alone cannot defend a city quarter.","A commander alone cannot defend a city quarter."
"A general alone on a dead field is just the last corpse standing.","A general alone on a dead field is just the last corpse standing."
"After Cannae, Rome refuses the battle Hannibal wants. The Republic instead presses every road, ally, granary, and walled town. Beneath the orchards, Iron Sepulcher graves make even a successful defense feel temporary.","After Cannae, Rome refuses the battle Hannibal wants. The Republic instead presses every road, ally, granary, and walled town. Beneath the orchards, Iron Sepulcher graves make even a successful defense feel temporary."
"Battle of Cannae","Battle of Cannae"
"Battle of Lake Trasimene","Battle of Lake Trasimene"
"Battle of Ticino","Battle of Ticino"
"Battle of Trebia","Battle of Trebia"
"Battle of Zama","Battle of Zama"
"Between assaults, seize the eastern Roman siege camp.","Between assaults, seize the eastern Roman siege camp."
"Break all three Roman assault phases. The quarter holds when the last consular column is dead in the streets.","Break all three Roman assault phases. The quarter holds when the last consular column is dead in the streets."
"Break both Iron Sepulcher attacks. At Zama, the dead no longer remain outside the battle.","Break both Iron Sepulcher attacks. At Zama, the dead no longer remain outside the battle."
"Break three Roman columns before the survivors find the ford again.","Break three Roman columns before the survivors find the ford again."
"Burn every cursed guardian from the sepulcher ruins. Kill what cannot die.","Burn every cursed guardian from the sepulcher ruins. Kill what cannot die."
"Clear the pass before the mountain closes it. Every hour lost is more men fed to the cold.","Clear the pass before the mountain closes it. Every hour lost is more men fed to the cold."
"Cross before the Roman runners reach their garrison. Every second spent waiting feeds the blade.","Cross before the Roman runners reach their garrison. Every second spent waiting feeds the blade."
"Cross the Rhône by one of several prepared routes, sever the eastern supply road, and capture two Roman advance camps before Scipio reaches the river.","Cross the Rhône by one of several prepared routes, sever the eastern supply road, and capture two Roman advance camps before Scipio reaches the river."
"Crossing the Alps","Crossing the Alps"
"Crossing the Rhône","Crossing the Rhône"
"Crush all three Roman camps and seal the iron tomb shut. No escape.","Crush all three Roman camps and seal the iron tomb shut. No escape."
"Crush both Roman breakout columns before they claw through the hillside.","Crush both Roman breakout columns before they claw through the hillside."
"Cut timber for the sledges, break stone for the road, and draw iron for the shoes and axles. The column crosses on what your builders can carry.","Cut timber for the sledges, break stone for the road, and draw iron for the shoes and axles. The column crosses on what your builders can carry."
"December 218 BC: Hannibal provoked Tiberius Sempronius Longus into crossing the cold Trebia before breakfast. Carthaginian infantry, cavalry, elephants, and Mago's hidden detachment struck the exhausted Roman army from front, flanks, and rear.","December 218 BC: Hannibal provoked Tiberius Sempronius Longus into crossing the cold Trebia before breakfast. Carthaginian infantry, cavalry, elephants, and Mago's hidden detachment struck the exhausted Roman army from front, flanks, and rear."
"Defend Hannibal's fortified Campanian supply town and break all three coordinated Roman assaults arriving from separate consular roads.","Defend Hannibal's fortified Campanian supply town and break all three coordinated Roman assaults arriving from separate consular roads."
"Drive the dead from the shrine. Salt the earth where they stood.","Drive the dead from the shrine. Salt the earth where they stood."
"Endure both waves from the depths. Do not flinch when the ground tears open.","Endure both waves from the depths. Do not flinch when the ground tears open."
"Every soldier lost is counted by the enemy tonight.","Every soldier lost is counted by the enemy tonight."
"Execute the encirclement, then seize all three Roman camps before their reserves can restore the line.","Execute the encirclement, then seize all three Roman camps before their reserves can restore the line."
"Final battle in Africa: blunt Scipio's line, survive the Numidian cavalry, and seize all four Roman camps while breaking both risings of the dead.","Final battle in Africa: blunt Scipio's line, survive the Numidian cavalry, and seize all four Roman camps while breaking both risings of the dead."
"First battle on Italian soil. Win the cavalry duel, then seize the Roman reserve camp before fresh reinforcements regroup.","First battle on Italian soil. Win the cavalry duel, then seize the Roman reserve camp before fresh reinforcements regroup."
"Hannibal falls, and the allied towns abandon the field.","Hannibal falls, and the allied towns abandon the field."
"Hannibal's first Italian victory is a test of tempo and cavalry control. Ford-shades complicate the flanks but do not replace the Roman enemy.","Hannibal's first Italian victory is a test of tempo and cavalry control. Ford-shades complicate the flanks but do not replace the Roman enemy."
"Hannibal's masterpiece becomes a prolonged operational battle, not a single frontal collision.","Hannibal's masterpiece becomes a prolonged operational battle, not a single frontal collision."
"Hold the river line and break all three Roman crossings. Let the cold and the water do the work Sempronius will not.","Hold the river line and break all three Roman crossings. Let the cold and the water do the work Sempronius will not."
"Hold the ruins. Force the Romans to fight on two grounds at once.","Hold the ruins. Force the Romans to fight on two grounds at once."
"Hold the southern bank through all three crossings. Sempronius spends his army on the ice; you have only to still be standing.","Hold the southern bank through all three crossings. Sempronius spends his army on the ice; you have only to still be standing."
"If the central camp falls, the Campanian alliance dies with it.","If the central camp falls, the Campanian alliance dies with it."
"Investigate the cursed shrine, survive the awakening, and clear the ruins.","Investigate the cursed shrine, survive the awakening, and clear the ruins."
"Iron Sepulcher Watch","Iron Sepulcher Watch"
"Lose the river camp and the cold takes what the Romans couldn't.","Lose the river camp and the cold takes what the Romans couldn't."
"Lose the supply camp and the army starves before it reaches the snow line.","Lose the supply camp and the army starves before it reaches the snow line."
"Lose your camp and the tempo dies with it.","Lose your camp and the tempo dies with it."
"No living formation remains to hold the gates.","No living formation remains to hold the gates."
"Preserve the market and four homes: Campania is being defended for its people and supplies, not merely its walls.","Preserve the market and four homes: Campania is being defended for its people and supplies, not merely its walls."
"Provision the column for the descent: harvest timber, stone and iron from the pass while the mountain tribes contest every switchback.","Provision the column for the descent: harvest timber, stone and iron from the pass while the mountain tribes contest every switchback."
"Raze every Roman post. Leave Scipio nothing to rally behind.","Raze every Roman post. Leave Scipio nothing to rally behind."
"Seal the road. Let no scout cross the Ticino alive.","Seal the road. Let no scout cross the Ticino alive."
"Seize all four Roman camps — the consular line, Masinissa's Numidians, the rear guard, and the northern camp — before the cavalry closes your rear.","Seize all four Roman camps — the consular line, Masinissa's Numidians, the rear guard, and the northern camp — before the cavalry closes your rear."
"Seize both Roman camps. The ambush is not finished until their flags come down.","Seize both Roman camps. The ambush is not finished until their flags come down."
"Seize the two river forts. Leave no crossing for Scipio's army to inherit.","Seize the two river forts. Leave no crossing for Scipio's army to inherit."
"Spring the ambush and capture both Roman field camps within twenty minutes, before the mist lifts and a cohort escapes the basin.","Spring the ambush and capture both Roman field camps within twenty minutes, before the mist lifts and a cohort escapes the basin."
"Stand your ground. The last soldier alone is not a force — he is a sacrifice.","Stand your ground. The last soldier alone is not a force — he is a sacrifice."
"Take the bridge camp and the eastern reserve quarter before the Roman scouts vanish into the fog.","Take the bridge camp and the eastern reserve quarter before the Roman scouts vanish into the fog."
"The Campanian Vigil","The Campanian Vigil"
"The Roman column walks into a geographical trap and is destroyed by converging attacks while the lakeside Sepulcher altar remains an optional horror.","The Roman column walks into a geographical trap and is destroyed by converging attacks while the lakeside Sepulcher altar remains an optional horror."
"The Romans are baited into the winter river and punished by Mago's concealed force, then the defense becomes an assault on a complete winter camp.","The Romans are baited into the winter river and punished by Mago's concealed force, then the defense becomes an assault on a complete winter camp."
"The commander falls — and every line collapses behind him.","The commander falls — and every line collapses behind him."
"The commander falls — the vigil ends. And the dead keep walking.","The commander falls — the vigil ends. And the dead keep walking."
"The crossing is a running battle against terrain, local resistance, and Roman influence. Sepulcher grave-lights remain a dangerous side path rather than the campaign's main enemy.","The crossing is a running battle against terrain, local resistance, and Roman influence. Sepulcher grave-lights remain a dangerous side path rather than the campaign's main enemy."
"The final confrontation is Carthage against three coordinated Roman commands, until an Iron Sepulcher host attacks from the battlefield's neglected flank.","The final confrontation is Carthage against three coordinated Roman commands, until an Iron Sepulcher host attacks from the battlefield's neglected flank."
"Twenty minutes before the mist lifts. If a cohort clears the basin, Rome learns the shape of the trap.","Twenty minutes before the mist lifts. If a cohort clears the basin, Rome learns the shape of the trap."
"Your camp falls — the field goes with it.","Your camp falls — the field goes with it."
"Your command falls — and the wings fold inward.","Your command falls — and the wings fold inward."
"ASSAULT I: infantry from north and south; cavalry raiders and engineers on the eastern consular road.","ASSAULT I: infantry from north and south; cavalry raiders and engineers on the eastern consular road."
"ASSAULT II: the Roman horns answer one another. Rotate the reserve before all three roads close.","ASSAULT II: the Roman horns answer one another. Rotate the reserve before all three roads close."
"ASSAULT III: siege engines and veteran cohorts. Hold every gate until the twentieth minute.","ASSAULT III: siege engines and veteran cohorts. Hold every gate until the twentieth minute."
"Another Roman wave is flanking from the southeast. Rotate quickly.","Another Roman wave is flanking from the southeast. Rotate quickly."
"Counterattack now. Break them while they are split by the river.","Counterattack now. Break them while they are split by the river."
"Final ridge ahead. Break the last camp to open the descent.","Final ridge ahead. Break the last camp to open the descent."
"Fix the Roman center in place. Keep both cavalry wings active.","Fix the Roman center in place. Keep both cavalry wings active."
"Grave-lights move among the western orchards. The Iron Sepulcher is watching, but the legions remain the greater danger.","Grave-lights move among the western orchards. The Iron Sepulcher is watching, but the legions remain the greater danger."
"Hold discipline. Let the Romans commit at the ford.","Hold discipline. Let the Romans commit at the ford."
"Navigate through the maze of hills and valleys. Watch for enemy patrols!","Navigate through the maze of hills and valleys. Watch for enemy patrols!"
"One minute. Spend the reserve; save the camp.","One minute. Spend the reserve; save the camp."
"Roman cavalry is attempting a breakout from the south. Intercept them.","Roman cavalry is attempting a breakout from the south. Intercept them."
"Roman cavalry screens the field. Punch through before reserves arrive.","Roman cavalry screens the field. Punch through before reserves arrive."
"Roman cavalry waves intensify. Collapse one flank before the rear guard arrives.","Roman cavalry waves intensify. Collapse one flank before the rear guard arrives."
"Roman reinforcements are approaching from the eastern road.","Roman reinforcements are approaching from the eastern road."
"Roman reserves are entering from the northern camp. Close the pocket faster.","Roman reserves are entering from the northern camp. Close the pocket faster."
"Roman reserves are moving from the western bank.","Roman reserves are moving from the western bank."
"Scipio extends the line. Keep your center steady and protect elephants from isolation.","Scipio extends the line. Keep your center steady and protect elephants from isolation."
"Second pass defenders are reinforcing. Keep the column moving.","Second pass defenders are reinforcing. Keep the column moving."
"Second-wave Roman cavalry is maneuvering for your rear. Rebalance your flanks.","Second-wave Roman cavalry is maneuvering for your rear. Rebalance your flanks."
"Strike now. Close the western route and split their line.","Strike now. Close the western route and split their line."
"Take the first pass quickly before the next ambush line assembles.","Take the first pass quickly before the next ambush line assembles."
"The Roman column enters the corridor. Wait for full commitment.","The Roman column enters the corridor. Wait for full commitment."
"The Roman villages are heavily defended. Coordinate your attacks!","The Roman villages are heavily defended. Coordinate your attacks!"
"Three Roman columns have entered the consular roads. The first coordinated assault arrives at 17:00.","Three Roman columns have entered the consular roads. The first coordinated assault arrives at 17:00."
"Two bridges cross the Rhône. Choose your path wisely - you may need both routes!","Two bridges cross the Rhône. Choose your path wisely - you may need both routes!"
"A camp is taken by standing in it, not by levelling it. Nine men cannot kill thirty-eight, but they can hold two gate yards long enough to claim them - and a Roman column without its commander stops being a column.","A camp is taken by standing in it, not by levelling it. Nine men cannot kill thirty-eight, but they can hold two gate yards long enough to claim them - and a Roman column without its commander stops being a column."
"A nation stands on its commander. Kill him and the camps go quiet and unclaimed - which, against a twenty-minute clock, is the only version of this battle that finishes in time.","A nation stands on its commander. Kill him and the camps go quiet and unclaimed - which, against a twenty-minute clock, is the only version of this battle that finishes in time."
"An assault walks toward your camp but turns for whatever it can see. Bait it with something visible and it will take the ground you chose instead of the ground it wanted.","An assault walks toward your camp but turns for whatever it can see. Bait it with something visible and it will take the ground you chose instead of the ground it wanted."
"High ground doubles a bowman and hardens him against what shoots back. The ridge over the Roman camp is worth more than the extra squadron you would have spent the same minutes recruiting.","High ground doubles a bowman and hardens him against what shoots back. The ridge over the Roman camp is worth more than the extra squadron you would have spent the same minutes recruiting."
"Iron bells answer beneath the south-western crossing. The Sepulcher is advancing on Carthage as well as Rome.","Iron bells answer beneath the south-western crossing. The Sepulcher is advancing on Carthage as well as Rome."
"Kill every enemy commander. A nation dies with the man who leads it: its camps fall neutral, its works come down and its troops leave the field.","Kill every enemy commander. A nation dies with the man who leads it: its camps fall neutral, its works come down and its troops leave the field."
"Masinissa's Numidian horse is entering from the north-eastern road.","Masinissa's Numidian horse is entering from the north-eastern road."
"Nothing new is taught here. The ridge, the bait and the beheading are all things you already know; Cannae only asks whether you can run three of them at once against four times your number.","Nothing new is taught here. The ridge, the bait and the beheading are all things you already know; Cannae only asks whether you can run three of them at once against four times your number."
"Rear guard deployment detected across the southern wadi. This is the final phase.","Rear guard deployment detected across the southern wadi. This is the final phase."
"Supply is a target - and it cuts both ways. Your market and your homes are what the Romans are actually marching at, and their siege camp keeps its own stockpile within reach of a raid.","Supply is a target - and it cuts both ways. Your market and your homes are what the Romans are actually marching at, and their siege camp keeps its own stockpile within reach of a raid."
"The shrines you have walked past all campaign were never scenery. Zama reads back over every map behind it - and the Sepulcher has no commander to kill, so the one rule that has served you since Trasimene is the one rule that will not work here.","The shrines you have walked past all campaign were never scenery. Zama reads back over every map behind it - and the Sepulcher has no commander to kill, so the one rule that has served you since Trasimene is the one rule that will not work here."
"Timber only counts once a builder unloads it at the camp. The richest stands are the furthest from the stockpile, so the mission is won on the length of the walk, not the swing of the axe.","Timber only counts once a builder unloads it at the camp. The richest stands are the furthest from the stockpile, so the mission is won on the length of the walk, not the swing of the axe."
"Roman Republic","Roman Republic"
"Carthaginian Empire","Carthaginian Empire"
"The Iron Sepulcher","The Iron Sepulcher"
"Shield Wall","Shield Wall"
"Testudo","Testudo"
"Mission briefing","Mission briefing"
"Mission Briefing","Mission Briefing"
"Close the briefing","Close the briefing"
"To Battle","To Battle"
"Continue","Continue"
"Select a map","Select a map"
"Players (%1)","Players (%1)"
"Click color/team to cycle","Click color/team to cycle"
"Select a map to configure players","Select a map to configure players"
"+ Add CPU","+ Add CPU"
"Add AI player to the game","Add AI player to the game"
"Max players reached","Max players reached"
"%1 slot available","%1 slot available"
"%1 slots available","%1 slots available"
"(map preview)","(map preview)"
"Every slot on this map is taken","Every slot on this map is taken"
"Color","Color"
"Click to change color","Click to change color"
"Click to change team","Click to change team"
"Remove player","Remove player"
"gold","gold"
"food","food"
"wood","wood"
"stone","stone"
"iron","iron"
"resources","resources"
"Not enough %1.","Not enough %1."
"Select a tree, boulder, or iron ore deposit.","Select a tree, boulder, or iron ore deposit."
"Select a tree to chop.","Select a tree to chop."
"Select a boulder to collect.","Select a boulder to collect."
"Select iron ore to collect.","Select iron ore to collect."
"No available builder can chop that tree.","No available builder can chop that tree."
"No available builder can collect that boulder.","No available builder can collect that boulder."
"No available builder can collect that iron ore.","No available builder can collect that iron ore."
"No available builder can collect that resource.","No available builder can collect that resource."
"No walkable spot near that tree.","No walkable spot near that tree."
"No walkable spot near that boulder.","No walkable spot near that boulder."
"No walkable spot near that iron ore.","No walkable spot near that iron ore."
"No walkable spot near that resource.","No walkable spot near that resource."
"Drag out a wall line first.","Drag out a wall line first."
"Choose a build location.","Choose a build location."
"That resource is already assigned.","That resource is already assigned."
"Cannot build there.","Cannot build there."
"Blocked by an existing wall.","Blocked by an existing wall."
"Not enough wood.","Not enough wood."
"No valid wall segments in that drag.","No valid wall segments in that drag."
"No available builder.","No available builder."
"That structure cannot be placed.","That structure cannot be placed."
"Building factory unavailable.","Building factory unavailable."
"Failed to place building.","Failed to place building."
"PRODUCTION QUEUE","PRODUCTION QUEUE"
"RECRUIT UNITS","RECRUIT UNITS"
"Queue is full (5/5)","Queue is full (5/5)"
"Cannot recruit","Cannot recruit"
"Set where newly recruited units will gather.\nRight-click to cancel.","Set where newly recruited units will gather.\nRight-click to cancel."
"Right-click to cancel","Right-click to cancel"
"No Barracks Selected","No Barracks Selected"
"Select a barracks to recruit units","Select a barracks to recruit units"
"Wood","Wood"
"Stone","Stone"
"Iron","Iron"
"Catapult","Catapult"
"Long-range siege weapon\nEffective against structures","Long-range siege weapon\nEffective against structures"
"Ballista","Ballista"
"Precision siege weapon\nEffective against units","Precision siege weapon\nEffective against units"
"Defense Tower","Defense Tower"
"Stationary defense structure\nShoots arrows at enemies","Stationary defense structure\nShoots arrows at enemies"
"Home","Home"
"Residential building\nAdds +50 population to nearest barracks","Residential building\nAdds +50 population to nearest barracks"
"Marketplace","Marketplace"
"Trade building\nBuy or sell resources for gold","Trade building\nBuy or sell resources for gold"
"Wall Segment","Wall Segment"
"Wooden defensive wall\nBlocks enemy movement","Wooden defensive wall\nBlocks enemy movement"
"Wall Gate","Wall Gate"
"Gated opening in a wall\nOpens for your troops and allies","Gated opening in a wall\nOpens for your troops and allies"
"wood","wood"
"stone","stone"
"iron","iron"
"gold","gold"
"%1 %2","%1 %2"
"%1 wood","%1 wood"
"%1 stone","%1 stone"
"%1 iron","%1 iron"
"%1 gold","%1 gold"
"Not enough available population","Not enough available population"
"Not enough %1","Not enough %1"
"Already building...","Already building..."
"%1s","%1s"
"Idle","Idle"
"Available Population: %1 / %2","Available Population: %1 / %2"
"Recruit %1\nCost: %2\nBuild time: %3s","Recruit %1\nCost: %2\nBuild time: %3s"
"population","population"
"Recruit %1\nCost: %2\nBuild time: %3s\nCarthage exclusive","Recruit %1\nCost: %2\nBuild time: %3s\nCarthage exclusive"
"HOME RECRUITMENT","HOME RECRUITMENT"
"Available civilians: %1 / %2","Available civilians: %1 / %2"
"Recruit %1\nCost: %2\nBuild time: %3s\nUse Deliver mode, then click a friendly barracks to add 50 available population.","Recruit %1\nCost: %2\nBuild time: %3s\nUse Deliver mode, then click a friendly barracks to add 50 available population."
"families","families"
"This home already committed its 3 civilians","This home already committed its 3 civilians"
"Click Map to Set Rally","Click Map to Set Rally"
"Set Rally Point","Set Rally Point"
"BUILDER CONSTRUCTION","BUILDER CONSTRUCTION"
"Build siege weapons, structures, and gather wood, stone, and iron","Build siege weapons, structures, and gather wood, stone, and iron"
"Select a structure to build","Select a structure to build"
"Cut Tree","Cut Tree"
"Collect Stone","Collect Stone"
"Collect Iron Ore","Collect Iron Ore"
"Task: %1","Task: %1"
"Building: %1","Building: %1"
"Build Catapult\n%1\nCost: %2\nBuild time: %3s","Build Catapult\n%1\nCost: %2\nBuild time: %3s"
"Build Ballista\n%1\nCost: %2\nBuild time: %3s","Build Ballista\n%1\nCost: %2\nBuild time: %3s"
"Build Defense Tower\n%1\nCost: %2\nBuild time: %3s","Build Defense Tower\n%1\nCost: %2\nBuild time: %3s"
"Build Home\n%1\nCost: %2\nBuild time: %3s","Build Home\n%1\nCost: %2\nBuild time: %3s"
"Build Wall Segment\n%1\nCost: %2\nBuild time: %3s","Build Wall Segment\n%1\nCost: %2\nBuild time: %3s"
"Build Wall Gate\n%1\nCost: %2\nBuild time: %3s","Build Wall Gate\n%1\nCost: %2\nBuild time: %3s"
"Build Marketplace\n%1\nCost: %2\nBuild time: %3s","Build Marketplace\n%1\nCost: %2\nBuild time: %3s"
"MARKETPLACE","MARKETPLACE"
"Trade resources for gold at fixed exchange rates","Trade resources for gold at fixed exchange rates"
"Select your marketplace to trade","Select your marketplace to trade"
"Gold: %1    Trade size: %2","Gold: %1    Trade size: %2"
"Trading is available only for your own marketplace.","Trading is available only for your own marketplace."
"You have %1","You have %1"
"Buy %1 (%2g)","Buy %1 (%2g)"
"Spend %1 gold to buy %2 %3","Spend %1 gold to buy %2 %3"
"Sell %1 (+%2g)","Sell %1 (+%2g)"
"Sell %1 %2 for %3 gold","Sell %1 %2 for %3 gold"
"Mounted Knight","Mounted Knight"
"Horse Archer","Horse Archer"
"Horse Spearman","Horse Spearman"
"War Elephant","War Elephant"
"Build a barracks before setting a rally point.","Build a barracks before setting a rally point."
"Temple","Temple"
"Build Temple\n%1\nCost: %2\nBuild time: %3s","Build Temple\n%1\nCost: %2\nBuild time: %3s"
"Sanctuary of the nation\nWide vision and a durable settlement anchor","Sanctuary of the nation\nWide vision and a durable settlement anchor"
"TEMPLE","TEMPLE"
"The sanctuary of your nation, raised in its own architectural style","The sanctuary of your nation, raised in its own architectural style"
"Watches over a wide stretch of ground and holds a settlement together","Watches over a wide stretch of ground and holds a settlement together"
"System","System"
"Camera","Camera"
"Selection","Selection"
"Orders","Orders"
"Commander movement","Commander movement"
"Commander combat","Commander combat"
"Open menu","Open menu"
"Also cancels a placement or rally in progress","Also cancels a placement or rally in progress"
"Switch between army and commander","Switch between army and commander"
"Quick save","Quick save"
"Quick load","Quick load"
"Pause","Pause"
"Pan camera up","Pan camera up"
"Hold Shift while panning to move faster","Hold Shift while panning to move faster"
"Pan camera down","Pan camera down"
"Pan camera left","Pan camera left"
"Pan camera right","Pan camera right"
"Rotate camera left","Rotate camera left"
"Rotate camera right","Rotate camera right"
"Orbit camera left","Orbit camera left"
"Orbit camera right","Orbit camera right"
"Select unit or drag a selection box","Select unit or drag a selection box"
"Select all troops","Select all troops"
"Move or attack-move to the cursor","Move or attack-move to the cursor"
"Stop","Stop"
"Attack","Attack"
"Move","Move"
"Patrol","Patrol"
"Guard","Guard"
"Hold position","Hold position"
"Deploy the selection in a formation","Deploy the selection in a formation"
"Opens the formation planner for the selected troops","Opens the formation planner for the selected troops"
"Place commander rally flag","Place commander rally flag"
"Shares its key with orbit camera left by default and takes priority only while a rally can be placed","Shares its key with orbit camera left by default and takes priority only while a rally can be placed"
"Move forward","Move forward"
"Move back","Move back"
"Strafe left","Strafe left"
"Strafe right","Strafe right"
"Turn left","Turn left"
"Turn right","Turn right"
"Sprint","Sprint"
"Dodge","Dodge"
"Jump","Jump"
"Block","Block"
"Cycle locked target","Cycle locked target"
"Special action","Special action"
"Vanguard rush","Vanguard rush"
"Second wind","Second wind"
"Commanding aura","Commanding aura"
"Rally nearby troops","Rally nearby troops"
"Switch between melee weapon and bow","Switch between melee weapon and bow"
"Toggle first and third person","Toggle first and third person"
"HP %1/%2","HP %1/%2"
"STM %1%","STM %1%"
"FINISHER","FINISHER"
"COMBO","COMBO"
"POSTURE","POSTURE"
"GUARD BROKEN","GUARD BROKEN"
"⚡ PUNISH ⚡","⚡ PUNISH ⚡"
"BASH","BASH"
"RUSH","RUSH"
"WIND","WIND"
"READY","READY"
"BOW  ·  X","BOW  ·  X"
"BLADE  ·  X","BLADE  ·  X"
"Save payload has no checksum","Save payload has no checksum"
"Save payload is corrupted (stored checksum mismatch)","Save payload is corrupted (stored checksum mismatch)"
"Save payload is corrupted (decompression failed)","Save payload is corrupted (decompression failed)"
"Save payload is corrupted (expected %1 bytes, got %2)","Save payload is corrupted (expected %1 bytes, got %2)"
"Save payload is corrupted (content checksum mismatch)","Save payload is corrupted (content checksum mismatch)"
"Not a Standard of Iron save file","Not a Standard of Iron save file"
"Unsupported save file version %1 (expected %2)","Unsupported save file version %1 (expected %2)"
"Save file header is truncated","Save file header is truncated"
"Save file header is corrupted: %1","Save file header is corrupted: %1"
"Save file uses an unknown compression format","Save file uses an unknown compression format"
"Save file declares implausible sizes","Save file declares implausible sizes"
"Save file body is truncated","Save file body is truncated"
"Save file preview image is corrupted","Save file preview image is corrupted"
"Save Game","Save Game"
"Cancel","Cancel"
"Save Name:","Save Name:"
"Enter save name...","Enter save name..."
"Save","Save"
"Existing Saves","Existing Saves"
"No Preview","No Preview"
"Slot: %1","Slot: %1"
"Last saved: %1","Last saved: %1"
"Overwrite","Overwrite"
"Confirm Overwrite","Confirm Overwrite"
"Are you sure you want to overwrite the save:\n""%1""?","Are you sure you want to overwrite the save:\n""%1""?"
"%1 - %2 (%3 KB on disk)","%1 - %2 (%3 KB on disk)"
"Campaign","Campaign"
"Skirmish","Skirmish"
"Untitled Save","Untitled Save"
"Unknown Map","Unknown Map"
"Name the save first.","Name the save first."
"Save failed","Save failed"
"Saving ""%1""","Saving ""%1"""
"Cancel","Cancel"
"Failed to begin transaction","Failed to begin transaction"
"Failed to commit transaction","Failed to commit transaction"
"Failed to open save database","Failed to open save database"
"Failed to read schema version","Failed to read schema version"
"Failed to record schema version","Failed to record schema version"
"Failed to drop table %1","Failed to drop table %1"
"Failed to create save schema","Failed to create save schema"
"Failed to prepare save query","Failed to prepare save query"
"Failed to persist save slot","Failed to persist save slot"
"Failed to read save slot","Failed to read save slot"
"Save slot '%1' not found","Save slot '%1' not found"
"Save slot '%1' uses unsupported format version %2","Save slot '%1' uses unsupported format version %2"
"Save slot '%1' uses an unknown compression format","Save slot '%1' uses an unknown compression format"
"Failed to enumerate save slots","Failed to enumerate save slots"
"Failed to look up save slot","Failed to look up save slot"
"Failed to store save preview","Failed to store save preview"
"Failed to delete save slot","Failed to delete save slot"
"Failed to get campaign progress","Failed to get campaign progress"
"Failed to mark campaign as completed","Failed to mark campaign as completed"
"Failed to prepare mission result insert","Failed to prepare mission result insert"
"Failed to save mission result","Failed to save mission result"
"Failed to get mission progress","Failed to get mission progress"
"Failed to get campaign mission progress","Failed to get campaign mission progress"
"Failed to register campaign mission","Failed to register campaign mission"
"Failed to mark mission as completed","Failed to mark mission as completed"
"Failed to unlock next mission","Failed to unlock next mission"
"Failed to prune removed campaign missions","Failed to prune removed campaign missions"
"Failed to look up the completed mission","Failed to look up the completed mission"
"Mission %1 is not part of campaign %2","Mission %1 is not part of campaign %2"
"Failed to find the next mission","Failed to find the next mission"
"Failed to count remaining missions","Failed to count remaining missions"
"Settings","Settings"
"Close","Close"
"Language","Language"
"Select Language:","Select Language:"
"Language changes apply immediately","Language changes apply immediately"
"Protanopia (red-blind)","Protanopia (red-blind)"
"Deuteranopia (green-blind)","Deuteranopia (green-blind)"
"Tritanopia (blue-blind)","Tritanopia (blue-blind)"
"Standard","Standard"
"Audio Settings","Audio Settings"
"Master Volume:","Master Volume:"
"Music Volume:","Music Volume:"
"SFX Volume:","SFX Volume:"
"Voice Volume:","Voice Volume:"
"Ambience Volume:","Ambience Volume:"
"Graphics Settings","Graphics Settings"
"Graphics Quality:","Graphics Quality:"
"Autosave","Autosave"
"Autosaves to keep:","Autosaves to keep:"
"Autosave every:","Autosave every:"
"Off","Off"
"%1 min","%1 min"
"Older autosaves beyond this count are deleted automatically.","Older autosaves beyond this count are deleted automatically."
"Accessibility","Accessibility"
"Interface Scale:","Interface Scale:"
"Colour Vision:","Colour Vision:"
"Reduce motion","Reduce motion"
"Removes transitions and idle animations across every screen","Removes transitions and idle animations across every screen"
"High contrast","High contrast"
"Raises panel and text contrast for low vision","Raises panel and text contrast for low vision"
"Always show keyboard focus","Always show keyboard focus"
"Keeps the focus outline visible even after clicking","Keeps the focus outline visible even after clicking"
"These settings apply to the campaign, skirmish and editor tools alike.","These settings apply to the campaign, skirmish and editor tools alike."
"About","About"
"Standard of Iron - RTS Game","Standard of Iron - RTS Game"
"Version %1","Version %1"
"Third-Party Software","Third-Party Software"
"This game uses the Qt framework, licensed under the GNU Lesser General Public License v3 (LGPL v3).","This game uses the Qt framework, licensed under the GNU Lesser General Public License v3 (LGPL v3)."
"Qt is dynamically linked, allowing you to replace Qt libraries with your own versions.","Qt is dynamically linked, allowing you to replace Qt libraries with your own versions."
"LGPL v3 License","LGPL v3 License"
"Qt Website","Qt Website"
"Controls","Controls"
"Edge scrolling","Edge scrolling"
"Pans the camera when the cursor reaches the edge of the screen","Pans the camera when the cursor reaches the edge of the screen"
"Edge scroll speed:","Edge scroll speed:"
"Team ring patterns","Team ring patterns"
"On automatically while a colour vision mode is selected","On automatically while a colour vision mode is selected"
"Marks each side with its own selection ring shape as well as its colour","Marks each side with its own selection ring shape as well as its colour"
"Damage numbers","Damage numbers"
"Shows the damage dealt above each hit while leading the commander","Shows the damage dealt above each hit while leading the commander"
"Screen effects:","Screen effects:"
"Camera motion:","Camera motion:"
"Reduces head bob and sway while leading the commander. It never limits camera movement you ask for.","Reduces head bob and sway while leading the commander. It never limits camera movement you ask for."
"Music generated with Meta's AudioCraft, whose models are licensed CC BY-NC 4.0. This game is distributed free of charge, which that licence permits; it may not be sold.","Music generated with Meta's AudioCraft, whose models are licensed CC BY-NC 4.0. This game is distributed free of charge, which that licence permits; it may not be sold."
"Voice lines recorded by Adam Djellouli.","Voice lines recorded by Adam Djellouli."
"CC BY-NC 4.0 License","CC BY-NC 4.0 License"
"AudioCraft","AudioCraft"
"Invalid team configuration: At least two teams must be selected to start a match.","Invalid team configuration: At least two teams must be selected to start a match."
"Red","Red"
"Blue","Blue"
"Brown","Brown"
"Green","Green"
"Yellow","Yellow"
"Orange","Orange"
"Purple","Purple"
"Cyan","Cyan"
"Pink","Pink"
"Iron Sepulcher %1","Iron Sepulcher %1"
"The shrine answers to you now. Its dead fall still.","The shrine answers to you now. Its dead fall still."
"The shrine is broken. Every risen guardian crumbles.","The shrine is broken. Every risen guardian crumbles."
"Wave %1/%2","Wave %1/%2"
"The Iron Sepulcher wakes. %1 rises to meet you.","The Iron Sepulcher wakes. %1 rises to meet you."
"%1 claws out of the ground.","%1 claws out of the ground."
"The risen guardians are put down. The ground is quiet.","The risen guardians are put down. The ground is quiet."
"The barrow gives up its hoard: %1.","The barrow gives up its hoard: %1."
"Archer","Archer"
"Swordsman","Swordsman"
"Spearman","Spearman"
"Mounted Knight","Mounted Knight"
"Horse Archer","Horse Archer"
"Horse Spearman","Horse Spearman"
"Healer","Healer"
"Skeleton Swordsman","Skeleton Swordsman"
"Skeleton Archer","Skeleton Archer"
"Grave Priest","Grave Priest"
"Catapult","Catapult"
"Ballista","Ballista"
"War Elephant","War Elephant"
"Quintus Fabius Maximus","Quintus Fabius Maximus"
"Publius Cornelius Scipio","Publius Cornelius Scipio"
"Marcus Claudius Marcellus","Marcus Claudius Marcellus"
"Hanno the Great","Hanno the Great"
"Hasdrubal Barca","Hasdrubal Barca"
"Hannibal Barca","Hannibal Barca"
"Builder","Builder"
"Civilian","Civilian"
"Sheep","Sheep"
"Wolf","Wolf"
"Unknown Troop","Unknown Troop"
"African War Elephant","African War Elephant"
"Auxiliary Archer","Auxiliary Archer"
"Carthaginian Ballista","Carthaginian Ballista"
"Carthaginian Catapult","Carthaginian Catapult"
"Citizen Infantry","Citizen Infantry"
"Equites","Equites"
"Faber","Faber"
"Legionary","Legionary"
"Liby-Phoenician Spear","Liby-Phoenician Spear"
"Libyan Archer","Libyan Archer"
"Medicus","Medicus"
"Numidian Cavalry","Numidian Cavalry"
"Onager","Onager"
"Phoenician Craftsman","Phoenician Craftsman"
"Sacred Band Healer","Sacred Band Healer"
"Triarius","Triarius"
"Blocked by an existing wall.","Blocked by an existing wall."
"Cannot build there.","Cannot build there."
"Probing column","Probing column"
"Assault line","Assault line"
"Cavalry flank","Cavalry flank"
"Skirmish screen","Skirmish screen"
"Siege column","Siege column"
"Elite guard","Elite guard"
"All waves broken","All waves broken"
"Incoming","Incoming"
"Engaged","Engaged"
"Next wave","Next wave"
"Wave %1 / %2","Wave %1 / %2"
"%1 left","%1 left"
"Wolves are moving on the valley.","Wolves are moving on the valley."
"Failed to initialize OpenGL renderer.\n\nThis usually means:\n1. Graphics drivers don't support required OpenGL 3.3 Core Profile\n2. Running in a VM with incomplete OpenGL support\n3. Qt software OpenGL fallback is unavailable or failed to initialize\n\nTo fix:\n- Run run_debug_softwaregl.cmd or set QT_OPENGL=software\n- Update graphics drivers\n- On VMs: Enable 3D acceleration in VM settings","Failed to initialize OpenGL renderer.\n\nThis usually means:\n1. Graphics drivers don't support required OpenGL 3.3 Core Profile\n2. Running in a VM with incomplete OpenGL support\n3. Qt software OpenGL fallback is unavailable or failed to initialize\n\nTo fix:\n- Run run_debug_softwaregl.cmd or set QT_OPENGL=software\n- Update graphics drivers\n- On VMs: Enable 3D acceleration in VM settings"
