"source","translation_de_DE"
"Not enough wood, stone, or iron to recruit this unit.","Nicht genug Holz, Stein oder Eisen, um diese Einheit auszubilden."
"%1 of %2 positions do not fit on this ground.","%1 von %2 Positionen passen nicht auf diesen Untergrund."
"Low","Niedrig"
"Medium","Mittel"
"High","Hoch"
"Ultra","Ultra"
"Maximum performance. Aggressive LOD, reduced detail at distance.","Maximale Leistung. Aggressives LOD, weniger Details in der Ferne."
"Balanced performance and quality. Recommended for most systems.","Ausgewogene Leistung und Qualität. Für die meisten Systeme empfohlen."
"Higher quality. More detail visible at distance. Requires better hardware.","Höhere Qualität. Mehr Details in der Ferne sichtbar. Erfordert bessere Hardware."
"Maximum quality. Full detail always. Best hardware recommended.","Maximale Qualität. Immer volle Detailstufe. Beste Hardware empfohlen."
"Cannot export a save with an empty name","Ein Spielstand ohne Namen kann nicht exportiert werden"
"SCORE","PUNKTE"
"YOU","DU"
"Return to Menu","Zurück zum Menü"
"Victory Secured","Sieg errungen"
"Army Broken","Armee zerschlagen"
"Held the Field","Das Feld behauptet"
"Routed","In die Flucht geschlagen"
"Kills","Abschüsse"
"Losses","Verluste"
"Units trained","Ausgebildete Einheiten"
"Villages","Dörfer"
"Play time","Spielzeit"
"Back","Zurück"
"Victory Conditions — complete all","Siegbedingungen — alle erfüllen"
"Victory Conditions — complete any","Siegbedingungen — eine erfüllen"
"Victory Conditions","Siegbedingungen"
"Complete the objective","Das Ziel erfüllen"
"Defeat Conditions","Niederlagebedingungen"
"Avoid this condition","Diese Bedingung vermeiden"
"Optional Objectives","Optionale Ziele"
"Optional objective","Optionales Ziel"
"No mission objectives available.\nThis may be a skirmish, or objectives have not been configured.","Keine Missionsziele verfügbar.\nDies ist vielleicht ein Scharmützel, oder es wurden keine Ziele festgelegt."
"Carthage Core","Kernland Karthagos"
"Carthaginian Iberia","Karthagisches Iberien"
"Cisalpine Gaul","Gallia cisalpina"
"Corsica","Korsika"
"Etruria","Etrurien"
"Iberian Interior","Iberisches Binnenland"
"Illyria","Illyrien"
"Libya","Libyen"
"Numidia","Numidien"
"Roman Core","Kernland Roms"
"Sardinia","Sardinien"
"Sicily","Sizilien"
"Southern Italy","Süditalien"
"Transalpine Gaul","Gallia transalpina"
"Campaign Missions","Feldzugsmissionen"
"← Back","← Zurück"
"✓ Completed","✓ Abgeschlossen"
"Locked","Gesperrt"
"No campaign missions available","Keine Feldzugsmissionen verfügbar"
"Rome","Rom"
"Carthage","Karthago"
"Neutral","Neutral"
"Loading map…","Karte wird geladen …"
"Control:","Kontrolle:"
"Legend","Legende"
"Select a Mission","Mission auswählen"
"Mission briefing...","Missionsbriefing …"
"Cancel","Abbrechen"
"Campaign War Table • Mediterranean Theater","Feldzugs-Kriegstisch • Kriegsschauplatz Mittelmeer"
"Campaign","Feldzug"
"Campaign Chronicle •","Feldzugschronik •"
"← Back","← Zurück"
"Campaign Chronicle","Feldzugschronik"
"Campaign Progress:","Feldzugsfortschritt:"
"202 BC: recalled to Africa, Hannibal faces Scipio and Masinissa on the plain near Zama. The elephant lanes are prepared, the Roman camps are fortified, and the Iron Sepulcher no longer waits at the edge of history. Take all four camps and break both risings of the dead — nothing less ends this war.","202 v. Chr.: Nach Afrika zurückgerufen, stellt sich Hannibal Scipio und Masinissa auf der Ebene bei Zama. Die Elefantengassen sind vorbereitet, die römischen Lager befestigt, und das Eiserne Grabmal wartet nicht länger am Rand der Geschichte. Nehmt alle vier Lager und brecht beide Erhebungen der Toten – nichts Geringeres beendet diesen Krieg."
"215-212 BC: Capua and the Campanian allies sustain Hannibal while Rome avoids another Cannae and attacks roads, farms, and loyalties. Fortify the Punic supply quarter and break all three coordinated assaults — the quarter is not held until the last consular column lies dead in the streets.","215–212 v. Chr.: Capua und die kampanischen Verbündeten tragen Hannibal, während Rom ein zweites Cannae meidet und stattdessen Straßen, Höfe und Treueschwüre angreift. Befestigt das punische Nachschubviertel und brecht alle drei abgestimmten Angriffe – das Viertel ist erst gehalten, wenn die letzte konsularische Kolonne tot in den Gassen liegt."
"216 BC: the consuls mass Rome's greatest field army beside the Aufidus. Yield the Punic center by design, win both cavalry wings, close the double envelopment, then take the principal camp, the reserve camp, and the allied camp across the river road.","216 v. Chr.: Die Konsuln versammeln Roms größtes Feldheer am Aufidus. Gebt das punische Zentrum planvoll preis, gewinnt beide Reiterflügel, schließt die doppelte Umfassung und nehmt dann das Hauptlager, das Reservelager und das Bundesgenossenlager jenseits der Flussstraße."
"217 BC: Flaminius pursues along the northern shore of Lake Trasimene. Mist closes the road between lake and wooded height — and it will not hold for long. Strike the length of the column and seize both field posts within twenty minutes, before the air clears and a cohort carries word out of the basin.","217 v. Chr.: Flaminius setzt am Nordufer des Trasimenischen Sees nach. Nebel schließt die Straße zwischen See und bewaldeter Höhe – und er wird nicht lange halten. Schlagt die Kolonne auf ganzer Länge und nehmt beide Feldposten binnen zwanzig Minuten, ehe die Luft sich klärt und eine Kohorte Kunde aus dem Becken trägt."
"218 BC, winter: Sempronius Longus accepts the bait and drives his hungry army through the freezing Trebia. Hold the southern line and break all three crossings. You need not take his camp — you need only be standing when the river has finished with him.","Winter 218 v. Chr.: Sempronius Longus schluckt den Köder und treibt sein hungriges Heer durch die eisige Trebia. Haltet die südliche Linie und brecht alle drei Übergänge. Ihr müsst sein Lager nicht nehmen – Ihr müsst nur noch stehen, wenn der Fluss mit ihm fertig ist."
"218 BC: Hannibal turns from the Rhône into the Alps with soldiers, cavalry, baggage animals, and elephants. The pass cannot be taken by the sword alone — it must be paid for in timber, stone and iron. Set your builders to the slopes while the mountain peoples contest every switchback; do not follow the grave-lights into the snow.","218 v. Chr.: Hannibal wendet sich von der Rhone in die Alpen – mit Soldaten, Reiterei, Tragtieren und Elefanten. Der Pass lässt sich nicht mit dem Schwert allein nehmen; er will in Holz, Stein und Eisen bezahlt sein. Setzt Eure Baumeister an die Hänge, während die Bergvölker jede Kehre bestreiten – und folgt den Grablichtern nicht in den Schnee."
"218 BC: near the Ticinus, Scipio's reconnaissance force tests Hannibal's cavalry. Win the mounted engagement, cut the bridge road, and overrun both Roman camps before their scouts carry a clean account back to the consul.","218 v. Chr.: Am Ticinus prüft Scipios Aufklärungsverband Hannibals Reiterei. Gewinnt das Reitergefecht, unterbrecht die Brückenstraße und überrennt beide römischen Lager, ehe die Späher dem Konsul einen klaren Bericht bringen."
"218 BC: the Rhône must be secured faster than Publius Cornelius Scipio can bring his army from Massalia. In this altered campaign, Roman advance posts hold the eastern approaches. Cross by ford, pontoon, or wooded detour and seize their river camps.","218 v. Chr.: Die Rhone muss gesichert sein, ehe Publius Cornelius Scipio sein Heer von Massalia heranführen kann. In diesem veränderten Feldzug halten römische Vorposten die östlichen Zugänge. Überquert den Fluss durch Furt, über Pontons oder auf bewaldetem Umweg und nehmt ihre Flusslager ein."
"At dawn the market still stands and the consular roads are choked with Roman shields. Campania has bought the army another season, though every ally now understands how long Rome is willing to bleed.","Im Morgengrauen steht der Markt noch, und die Konsularstraßen sind verstopft von römischen Schilden. Kampanien hat dem Heer eine weitere Jahreszeit erkauft – doch jeder Verbündete begreift nun, wie lange Rom zu bluten bereit ist."
"Command Hannibal's Carthaginian army from the Alpine invasion of 218 BC to Zama in 202 BC. Break Roman camps, take fortified towns, preserve allied economies, and survive the Republic's answering legions while the Iron Sepulcher watches from roads older than either empire.","Führt Hannibals karthagisches Heer vom Alpenzug 218 v. Chr. bis nach Zama 202 v. Chr. Brecht römische Lager, nehmt befestigte Städte, bewahrt die Wirtschaft Eurer Verbündeten und überlebt die Legionen, mit denen die Republik antwortet – während das Eiserne Grabmal von Straßen aus zusieht, die älter sind als beide Reiche."
"Flaminius and much of his army are lost beside the lake. Rome names Fabius dictator. In the drowned reeds, an Iron Sepulcher altar has fed well without choosing a side.","Flaminius und ein Großteil seines Heeres bleiben am See. Rom ernennt Fabius zum Diktator. Im ertrunkenen Schilf hat sich ein Altar des Eisernen Grabmals gut genährt, ohne je Partei zu ergreifen."
"The Barcid Road","Der Weg der Barkiden"
"The Roman army is destroyed and the camps are taken, yet Rome refuses negotiation. So many dead lie on the plain that the Sepulcher's iron bells sound beneath the earth for seven nights.","Das römische Heer ist vernichtet und die Lager sind genommen, doch Rom verweigert jede Verhandlung. So viele Tote liegen auf der Ebene, dass die eisernen Glocken des Grabmals sieben Nächte lang unter der Erde läuten."
"The Roman screen breaks and Scipio is carried from the field wounded. The Insubres see that Carthage can defeat Rome on Italian ground—but pale riders still haunt the abandoned ford.","Der römische Schirm bricht, und Scipio wird verwundet vom Feld getragen. Die Insubrer sehen, dass Karthago Rom auf italischem Boden schlagen kann – doch bleiche Reiter suchen noch immer die verlassene Furt heim."
"The column reaches the plain of the Po diminished but unbroken. Italy lies below, and fires answer from Gallic settlements. Behind you, the sealed shrine in the pass begins counting the dead.","Die Kolonne erreicht die Poebene, dezimiert, doch ungebrochen. Italien liegt darunter, und aus gallischen Siedlungen antworten Feuer. Hinter Euch beginnt der versiegelte Schrein im Pass, die Toten zu zählen."
"The ferries and supply road belong to Carthage. Scipio finds abandoned standards and cold cooking fires; Hannibal is already turning toward the mountains.","Die Fähren und die Nachschubstraße gehören Karthago. Scipio findet zurückgelassene Feldzeichen und erkaltete Kochfeuer; Hannibal wendet sich bereits den Bergen zu."
"The last standards fall under an African sky. Rome and Carthage will remember the field differently; the Iron Sepulcher remembers only that both armies finally entered its reach.","Die letzten Feldzeichen sinken unter afrikanischem Himmel. Rom und Karthago werden dieses Feld verschieden in Erinnerung behalten; das Eiserne Grabmal erinnert nur, dass beide Heere endlich in seine Reichweite traten."
"The survivors flee toward Placentia through sleet and mud. Roman tents, grain, and weapons are captured; bodies beneath the ice rise only when nobody is watching.","Die Überlebenden fliehen durch Graupel und Schlamm auf Placentia zu. Römische Zelte, Getreide und Waffen werden erbeutet; die Leiber unter dem Eis erheben sich nur, wenn niemand hinsieht."
"Quintus Fabius Maximus","Quintus Fabius Maximus"
"Rome's delaying strategist who preserves armies through discipline and staying power.","Roms zaudernder Stratege, der Heere durch Disziplin und Ausdauer bewahrt."
"A campaign and scenario commander; never produced from a barracks.","Ein Feldzug- und Szenariobefehlshaber; wird nie in einer Kaserne ausgebildet."
"Heavy spear commander who anchors a disciplined battle line.","Schwerer Speerbefehlshaber, der eine disziplinierte Schlachtlinie verankert."
"Boosts nearby troop endurance and slows collapse in grind fights.","Stärkt die Ausdauer nahestehender Truppen und verzögert den Zusammenbruch in Zermürbungskämpfen."
"Lower offensive pressure and weaker pursuit potential.","Geringerer Offensivdruck und schwächeres Verfolgungspotenzial."
"Fabian Endurance keeps nearby cohorts in line for prolonged fighting.","Fabische Ausdauer hält nahe Kohorten für langanhaltende Kämpfe in der Linie."
"Nearby allied infantry regenerate health while inside the aura.","Verbündete Infanterie in der Nähe regeneriert Lebenspunkte innerhalb der Aura."
"Rally of Patience stabilizes wavering lines during attritional combat.","Sammelruf der Geduld stabilisiert wankende Linien im Zermürbungskampf."
"If killed or wounded, nearby allies lose confidence and the aura shuts off.","Wird er getötet oder verwundet, verlieren nahe Verbündete ihre Zuversicht und die Aura erlischt."
"Publius Cornelius Scipio","Publius Cornelius Scipio"
"Aggressive Roman consul focused on decisive strikes and tactical initiative.","Angriffslustiger römischer Konsul, ganz auf entscheidende Schläge und taktische Initiative ausgerichtet."
"Sword-and-shield infantry commander who leads close behind the main assault line.","Infanteriebefehlshaber mit Schwert und Schild, der dicht hinter der Hauptangriffslinie führt."
"Improves nearby offensive output and enables sharper counter-pushes.","Steigert die Offensivkraft in der Nähe und ermöglicht schärfere Gegenstöße."
"More vulnerable if isolated away from supporting infantry.","Verwundbarer, wenn er von unterstützender Infanterie abgeschnitten ist."
"Consular Assault boosts nearby legion attack tempo.","Konsularischer Angriff steigert das Angriffstempo naher Legionen."
"Nearby allied troops gain bonus melee and ranged damage in aura range.","Verbündete Truppen in Aurareichweite erhalten zusätzlichen Nah- und Fernkampfschaden."
"Consular Rally rapidly restores morale to wavering assault cohorts.","Konsularischer Sammelruf stellt die Moral wankender Angriffskohorten rasch wieder her."
"Death of the consul causes a severe morale shock to nearby Romans.","Der Tod des Konsuls versetzt nahen Römern einen schweren Moralschock."
"Marcus Claudius Marcellus","Marcus Claudius Marcellus"
"Roman field commander known for fast shock actions and relentless pressure.","Römischer Feldbefehlshaber, bekannt für schnelle Stoßaktionen und unnachgiebigen Druck."
"Lightly armored bow commander who supports aggressive vanguard action.","Leicht gepanzerter Bogenbefehlshaber, der aggressives Vorhutgefecht unterstützt."
"Raises maneuver speed for nearby troops, enabling faster local redeployment.","Erhöht die Manövergeschwindigkeit naher Truppen und ermöglicht schnellere örtliche Umgruppierung."
"Lower staying power than other Roman commanders.","Geringere Standfestigkeit als andere römische Befehlshaber."
"Vanguard Tempo accelerates nearby infantry movement and line repositioning.","Vorhuttempo beschleunigt Bewegung und Neuausrichtung naher Infanterie."
"Nearby allied infantry move faster while in aura range.","Verbündete Infanterie in Aurareichweite bewegt sich schneller."
"Vanguard Rally snaps wavering attackers back into coherent motion.","Sammelruf der Vorhut reißt wankende Angreifer in geordnete Bewegung zurück."
"If Marcellus falls, nearby attackers suffer immediate morale drop.","Fällt Marcellus, erleiden nahe Angreifer einen sofortigen Moralverlust."
"Hanno the Great","Hanno der Große"
"Carthaginian political commander who leverages resources and manpower flows.","Karthagischer politischer Befehlshaber, der Ressourcen- und Menschenströme lenkt."
"Bronze-spear commander coordinating disciplined mercenary infantry.","Befehlshaber mit Bronzespeer, der disziplinierte Söldnerinfanterie koordiniert."
"Accelerates nearby barracks production through logistical oversight.","Beschleunigt die Produktion naher Kasernen durch logistische Aufsicht."
"Mediocre direct combat impact and risky if exposed.","Mäßige unmittelbare Kampfwirkung und riskant, wenn er ungedeckt bleibt."
"Contract Logistics boosts nearby production tempo and reserve buildup.","Vertragslogistik steigert das Produktionstempo und den Reserveaufbau in der Nähe."
"Nearby allied barracks train units faster while in aura range.","Verbündete Kasernen in Aurareichweite bilden Einheiten schneller aus."
"Treasury Rally restores wavering troops and keeps formations from breaking.","Sammelruf der Schatzkammer richtet wankende Truppen wieder auf und bewahrt Formationen vor dem Bruch."
"Death triggers contract panic, reducing confidence in nearby troops.","Sein Tod löst Vertragspanik aus und mindert die Zuversicht naher Truppen."
"Hasdrubal Barca","Hasdrubal Barkas"
"Mobile Carthaginian field commander built around decisive flanking momentum.","Beweglicher karthagischer Feldbefehlshaber, ganz auf entscheidenden Flankenschwung ausgelegt."
"Fast bow commander built around flanking pressure and withdrawal.","Schneller Bogenbefehlshaber, ausgelegt auf Flankendruck und Absetzen."
"Increases nearby unit speed for coordinated flanks and withdrawals.","Erhöht das Tempo naher Einheiten für abgestimmte Flankenmanöver und Rückzüge."
"Less resilient in prolonged frontal attrition.","Weniger widerstandsfähig in langer frontaler Zermürbung."
"Barcid Maneuver grants nearby troops superior movement control.","Barkidisches Manöver verleiht nahen Truppen überlegene Bewegungskontrolle."
"Nearby allied troops gain movement speed while within aura range.","Verbündete Truppen in Aurareichweite gewinnen an Bewegungstempo."
"Flank Rally rapidly restores wavering units preparing to maneuver.","Sammelruf der Flanke richtet wankende Einheiten vor dem Manöver rasch wieder auf."
"Loss of Hasdrubal sharply drops morale among nearby mobile forces.","Der Verlust Hasdrubals lässt die Moral naher beweglicher Verbände stark sinken."
"Hannibal Barca","Hannibal Barkas"
"Carthage's premier battlefield commander from the Hannibal campaign.","Karthagos erster Schlachtfeldbefehlshaber aus dem Feldzug Hannibals."
"Elite sword commander with an iconic standard and sacred-band armor.","Elitärer Schwertbefehlshaber mit einem sinnbildlichen Feldzeichen und der Rüstung der Heiligen Schar."
"Delivers a strong nearby attack bonus and elite crisis rally response.","Verleiht in der Nähe einen starken Angriffsbonus und einen elitären Sammelruf in der Krise."
"High-value target; losing him causes severe local collapse.","Hochwertiges Ziel; sein Verlust führt örtlich zu einem schweren Zusammenbruch."
"Hannibalic Offensive amplifies nearby attack power before decisive engagements.","Hannibalische Offensive verstärkt die Angriffskraft in der Nähe vor entscheidenden Gefechten."
"Nearby allied troops gain substantial attack damage in aura range.","Verbündete Truppen in Aurareichweite gewinnen erheblichen Angriffsschaden."
"Supreme Rally restores routing or wavering units to fighting order.","Oberster Sammelruf bringt fliehende oder wankende Einheiten in Gefechtsordnung zurück."
"If Hannibal is killed or wounded, nearby allied morale takes a heavy shock and aura ends.","Wird Hannibal getötet oder verwundet, erleidet die Moral naher Verbündeter einen schweren Schock und die Aura endet."
"Iron and Ember","Eisen und Glut"
"Scale %1×  ·  %2  ·  colour vision: %3","Skalierung %1×  ·  %2  ·  Farbsehen: %3"
"reduced motion","reduzierte Bewegung"
"full motion","volle Bewegung"
"Buttons","Schaltflächen"
"Primary","Primär"
"Secondary","Sekundär"
"Destructive","Destruktiv"
"Disabled","Deaktiviert"
"Unavailable in this state","In diesem Zustand nicht verfügbar"
"Search","Suchen"
"Selected","Ausgewählt"
"Orders","Befehle"
"Attack","Angreifen"
"Guard","Bewachen"
"Patrol","Patrouillieren"
"Rally","Sammeln"
"Build","Bauen"
"Build is only available to builders","Bauen steht nur Baumeistern zur Verfügung"
"Faction skins","Fraktions-Designs"
"Selection","Auswahl"
"Roman Spearmen ×24","Römische Speerträger ×24"
"Defense formation","Verteidigungsformation"
"Spearmen","Speerträger"
"Archers","Bogenschützen"
"Inputs","Eingaben"
"Balanced","Ausgewogen"
"Aggressive","Aggressiv"
"Defensive","Defensiv"
"Reduced motion","Reduzierte Bewegung"
"Collapses transitions to an instant state change","Verkürzt Übergänge auf einen sofortigen Zustandswechsel"
"Objectives","Ziele"
"Capture the eastern barracks","Erobere die östliche Kaserne"
"Hold the ford until dusk","Halte die Furt bis zur Dämmerung"
"Do not lose the commander","Verliere den Kommandanten nicht"
"Take no losses","Erleide keine Verluste"
"Notification priorities","Meldungsprioritäten"
"Commander under attack","Kommandant wird angegriffen"
"Eastern approach, 3 hostiles","Östlicher Zugang, 3 Feinde"
"Barracks destroyed","Kaserne zerstört"
"Spearmen ready","Speerträger bereit"
"Supply route restored","Nachschubweg wiederhergestellt"
"Standard","Standard"
"Iron and Ember","Eisen und Glut"
"Roman Republic","Römische Republik"
"Senatus Populusque Romanus","Senatus Populusque Romanus"
"Carthage","Karthago"
"Qart-Ḥadašt","Qart-Ḥadašt"
"Iron Sepulcher","Eisernes Grabmal"
"The watch does not sleep","Die Wache schläft nicht"
"No units selected.","Keine Einheiten ausgewählt."
"No units eligible for formation placement.","Keine Einheiten für eine Formationsaufstellung geeignet."
"This doctrine has no template for the chosen formation.","Diese Doktrin besitzt keine Vorlage für die gewählte Formation."
"No part of this formation fits on the chosen ground.","Kein Teil dieser Formation passt auf den gewählten Untergrund."
"Faction Default","Fraktionsstandard"
"Line","Linie"
"Column","Kolonne"
"Defensive","Defensiv"
"Assault","Angriff"
"Encirclement","Umfassung"
"Siege Escort","Belagerungsgeleit"
"Neutral","Neutral"
"Roman Republic","Römische Republik"
"Requires at least one siege engine in the selection.","Erfordert mindestens eine Belagerungsmaschine in der Auswahl."
"Requires cavalry or mounted troops to close the encirclement.","Erfordert Kavallerie oder berittene Truppen, um die Umfassung zu schließen."
"Carthage","Karthago"
"The Iron Sepulcher","Das Eiserne Grabmal"
"%1 has no template for this intent.","%1 besitzt keine Vorlage für diese Absicht."
"The selection lacks the troop types this formation needs.","Der Auswahl fehlen die Truppentypen, die diese Formation benötigt."
"Encirclement needs at least three units.","Eine Umfassung benötigt mindestens drei Einheiten."
"The deployment this faction fights in by default. No setup needed.","Die Aufstellung, in der diese Fraktion standardmäßig kämpft. Keine Einrichtung nötig."
"Widest frontage. Best for meeting an advance head on.","Größte Frontbreite. Am besten, um einem Vormarsch frontal zu begegnen."
"Narrow and deep. Best for moving through gates and passes.","Schmal und tief. Am besten, um durch Tore und Pässe zu ziehen."
"Compressed frontage with reserves. Best for holding ground.","Verdichtete Front mit Reserven. Am besten, um Boden zu halten."
"Weighted front with skirmishers ahead. Best for breaking a line.","Verstärkte Front mit Plänklern voraus. Am besten, um eine Linie zu durchbrechen."
"Wide flanks that close around a target. Needs cavalry.","Weite Flügel, die sich um ein Ziel schließen. Benötigt Kavallerie."
"Engines protected behind infantry. Needs a siege engine.","Maschinen hinter der Infanterie geschützt. Benötigt eine Belagerungsmaschine."
"Formation","Formation"
"Drag to set frontage and facing • Wheel: depth • Alt: strong flank • Shift: keep order • Ctrl: tighter • Esc: cancel","Ziehen für Frontbreite und Ausrichtung • Rad: Tiefe • Alt: starker Flügel • Umschalt: Reihenfolge halten • Strg: enger • Esc: abbrechen"
"Hide advanced options","Erweiterte Optionen ausblenden"
"Advanced options","Erweiterte Optionen"
"Frontage","Frontbreite"
"Narrow","Schmal"
"Balanced","Ausgewogen"
"Wide","Weit"
"Depth","Tiefe"
"Shallow","Flach"
"Deep","Tief"
"Spacing","Abstand"
"Tight","Eng"
"Normal","Normal"
"Loose","Locker"
"Cavalry","Kavallerie"
"Left","Links"
"Split","Geteilt"
"Right","Rechts"
"Ranged","Fernkampf"
"Rear","Hinten"
"Front","Vorn"
"Skirmish","Plänkeln"
"Reserve","Reserve"
"Automatic","Automatisch"
"None","Keine"
"One row","Eine Reihe"
"Two rows","Zwei Reihen"
"Movement","Bewegung"
"Reform at destination","Am Ziel neu formieren"
"Maintain formation","Formation beibehalten"
"Mixed armies","Gemischte Heere"
"Majority doctrine","Doktrin der Mehrheit"
"By role","Nach Rolle"
"Separate contingents","Getrennte Kontingente"
"Commander","Befehlshaber"
"Doctrine","Doktrin"
"Rome","Rom"
"Carthage","Karthago"
"Iron Sepulcher","Eisernes Grabmal"
"Reset to faction default","Auf Fraktionsstandard zurücksetzen"
"Standard of Iron — Iron and Ember Gallery","Standard of Iron — Galerie „Eisen und Glut“"
"Scale","Skalierung"
"Reduce motion","Bewegung reduzieren"
"High contrast","Hoher Kontrast"
"Reset","Zurücksetzen"
"Iron and Ember — every control the product may use","Eisen und Glut — jedes Bedienelement, das das Produkt nutzen kann"
"Cannot save: empty slot name","Speichern nicht möglich: leerer Slot-Name"
"Save service is shutting down","Der Speicherdienst wird beendet"
"Queued","In Warteschlange"
"Serializing world","Welt wird serialisiert"
"Compressing","Wird komprimiert"
"Writing","Wird geschrieben"
"Exception while saving: %1","Ausnahme beim Speichern: %1"
"Save cancelled","Speichern abgebrochen"
"Done","Fertig"
"Save storage unavailable","Speicherort nicht verfügbar"
"Save slot '%1' is corrupted: %2","Spielstand-Slot „%1“ ist beschädigt: %2"
"Exception while loading save '%1': %2","Ausnahme beim Laden des Spielstands „%1“: %2"
"Cannot write '%1': %2","„%1“ kann nicht geschrieben werden: %2"
"Failed to write '%1': %2","Schreiben von „%1“ fehlgeschlagen: %2"
"Cannot read '%1': %2","„%1“ kann nicht gelesen werden: %2"
"wood","Holz"
"stone","Stein"
"iron","Eisen"
"Maximum troop limit reached. Cannot produce more units.","Maximale Truppenzahl erreicht. Es können keine weiteren Einheiten ausgebildet werden."
"Not enough manpower. Build homes or wait for families.","Nicht genug Arbeitskräfte. Baue Häuser oder warte auf Familien."
"Select your marketplace to trade.","Wähle deinen Marktplatz aus, um zu handeln."
"Marketplace can trade only wood, stone, or iron.","Der Marktplatz handelt nur mit Holz, Stein oder Eisen."
"Not enough gold to buy %1.","Nicht genug Gold, um %1 zu kaufen."
"Cannot buy %1 right now.","%1 kann derzeit nicht gekauft werden."
"Not enough %1 to sell.","Nicht genug %1 zum Verkaufen."
"Cannot sell %1 right now.","%1 kann derzeit nicht verkauft werden."
"Campaign manager not initialized","Feldzugsverwaltung nicht initialisiert"
"Failed to load mission","Mission konnte nicht geladen werden"
"Failed to load mission preview: %1","Missionsvorschau konnte nicht geladen werden: %1"
"Cannot start skirmish: renderer not initialized","Scharmützel kann nicht gestartet werden: Renderer nicht initialisiert"
"Save: not initialized","Speichern: nicht initialisiert"
"A save is already in progress","Ein Speichervorgang läuft bereits"
"Queued","In Warteschlange"
"Cancelling...","Wird abgebrochen …"
"Load: not initialized","Laden: nicht initialisiert"
"%1/%2 walls  •  %3 wood","%1/%2 Mauern  •  %3 Holz"
"Attack","Angreifen"
"Select troops first","Zuerst Truppen auswählen"
"Guard","Bewachen"
"Patrol","Patrouillieren"
"Stop","Stopp"
"Hold","Stellung halten"
"No troops selected","Keine Truppen ausgewählt"
"Orders ready","Befehle bereit"
"Attack order","Angriffsbefehl"
"Guard order","Bewachungsbefehl"
"Patrol order","Patrouillenbefehl"
"Medic order","Sanitätsbefehl"
"Engineer order","Pionierbefehl"
"Collection order","Sammelbefehl"
"Barracks delivery","Kasernenlieferung"
"Formation order","Formationsbefehl"
"Rally order","Sammelbefehl"
"Stop command","Stoppbefehl"
"Attack enemy units or buildings. Only eligible selected troops receive the order.","Greife feindliche Einheiten oder Gebäude an. Nur geeignete ausgewählte Truppen erhalten den Befehl."
"Attack is not available for the current selection","Angreifen ist für die aktuelle Auswahl nicht verfügbar"
"Guard a position. Only guard-capable troops receive the order.","Bewache eine Position. Nur bewachungsfähige Truppen erhalten den Befehl."
"Guard is not available for the current selection","Bewachen ist für die aktuelle Auswahl nicht verfügbar"
"Patrol between waypoints.","Patrouilliere zwischen Wegpunkten."
"Patrol is not available for the current selection","Patrouillieren ist für die aktuelle Auswahl nicht verfügbar"
"Medic","Sanitäter"
"Healers tend nearby allies on their own.","Heiler versorgen nahe Verbündete von selbst."
"Healers automatically heal nearby allies. This is passive, not a manual order.","Heiler heilen nahe Verbündete automatisch. Das ist passiv und kein manueller Befehl."
"Select healer units","Heiler-Einheiten auswählen"
"Stop all actions immediately.","Alle Aktionen sofort abbrechen."
"Hold position and defend.","Stellung halten und verteidigen."
"Hold is not available for the current selection","Stellung halten ist für die aktuelle Auswahl nicht verfügbar"
"Formation","Formation"
"Arrange the selection in a tactical formation.","Ordne die Auswahl in einer taktischen Formation an."
"Select multiple units to use formation","Mehrere Einheiten auswählen, um Formationen zu nutzen"
"Build","Bauen"
"Open builder orders and place structures.","Baumeisterbefehle öffnen und Bauwerke setzen."
"Build is only available to builders","Bauen steht nur Baumeistern zur Verfügung"
"Collect","Sammeln"
"Click a tree, boulder or ore deposit. Right-click to cancel.","Klicke auf einen Baum, Felsblock oder ein Erzvorkommen. Rechtsklick zum Abbrechen."
"Collect is only available to builders","Sammeln steht nur Baumeistern zur Verfügung"
"Deliver","Liefern"
"Click a friendly barracks. Only selected civilians receive the order.","Klicke auf eine eigene Kaserne. Nur ausgewählte Zivilisten erhalten den Befehl."
"Deliver is only available to civilians","Liefern steht nur Zivilisten zur Verfügung"
"Rally","Sammeln"
"The commander plants a rally flag; troops march to it once placed.","Der Kommandant setzt eine Sammelflagge; die Truppen marschieren dorthin, sobald sie steht."
"Select a commander to use rally","Wähle einen Kommandanten, um zu sammeln"
"Gate","Tor"
"Cycle the selected gates: automatic, held open, held shut.","Schalte die ausgewählten Tore um: automatisch, offen gehalten, geschlossen gehalten."
"Select one of your gates to control it","Wähle eines deiner Tore aus, um es zu steuern"
"Aura","Aura"
"Temporarily empower nearby troops. A glow marks every affected soldier.","Stärke nahe Truppen vorübergehend. Ein Leuchten kennzeichnet jeden betroffenen Soldaten."
"Select a ready commander to activate the aura","Wähle einen bereiten Kommandanten, um die Aura zu aktivieren"
"Commander","Befehlshaber"
"Commander unavailable","Kommandant nicht verfügbar"
"Choose destination","Ziel wählen"
"Planting flag","Flagge wird gesetzt"
"Moving commander","Kommandant marschiert"
"Flag active","Flagge aktiv"
"Ready","Bereit"
"Left-click a destination to confirm the rally flag.","Linksklick auf ein Ziel, um die Sammelflagge zu bestätigen."
"The commander is planting the flag. Interruptions will cancel the rally.","Der Kommandant setzt die Flagge. Unterbrechungen brechen das Sammeln ab."
"The commander is marching to the chosen point before planting the flag.","Der Kommandant marschiert zum gewählten Punkt, bevor er die Flagge setzt."
"Troops have already received a normal move order to this rally flag.","Die Truppen haben bereits einen normalen Bewegungsbefehl zu dieser Sammelflagge erhalten."
"Choose a destination, march there, plant the flag, then order all controllable troops there.","Wähle ein Ziel, marschiere dorthin, setze die Flagge und befiehl dann alle steuerbaren Truppen dorthin."
"Cancel Rally Placement","Setzen der Sammelflagge abbrechen"
"Rally In Progress","Sammeln läuft"
"Reposition Rally [R]","Sammelpunkt verlegen [R]"
"Place Rally [R]","Sammelpunkt setzen [R]"
"Vanguard Rush","Vorhutansturm"
"Explode forward into the focused enemy and open a punish.","Stürme explosiv auf den anvisierten Feind zu und eröffne eine Strafgelegenheit."
"Second Wind","Zweiter Atem"
"Recover posture and stamina, then steady yourself for the next exchange.","Stelle Haltung und Ausdauer wieder her und sammle dich für den nächsten Schlagabtausch."
"Shield Bash","Schildstoß"
"Guard-gated stagger burst that punishes enemies crowding your front.","Deckungsgebundener Taumelstoß, der Feinde bestraft, die deine Front bedrängen."
"Command Aura","Befehlsaura"
"Temporarily empower nearby troops. A glow marks every affected soldier.","Stärke nahe Truppen vorübergehend. Ein Leuchten kennzeichnet jeden betroffenen Soldaten."
"Disconnected","Getrennt"
"Guard broken","Deckung gebrochen"
"Punish window","Strafgelegenheit"
"Sprinting","Sprintet"
"Steady","Gefasst"
"COMMANDER","KOMMANDANT"
"Frontline command","Frontkommando"
"Aura active","Aura aktiv"
"Aura ready","Aura bereit"
"Aura cooling","Aura kühlt ab"
"HP %1/%2","TP %1/%2"
"STM %1%","AUS %1 %"
"Stable","Stabil"
"Posture","Haltung"
"%1 camera","Kamera: %1"
"Chase","Verfolgung"
"State: %1","Zustand: %1"
"Perfect guard live","Perfekte Parade aktiv"
"Finisher primed","Finisher bereit"
"Aura %1","Aura %1"
"empowers nearby troops","stärkt nahe Truppen"
"is recovering","erholt sich"
"Camera: %1","Kamera: %1"
"ORDERS","BEFEHLE"
"ABILITIES","FÄHIGKEITEN"
"Rally","Sammeln"
"Command Aura Active · %1s","Befehlsaura aktiv · %1 s"
"Activate Command Aura [3]","Befehlsaura aktivieren [3]"
"Command Aura · %1s cooldown","Befehlsaura · %1 s Abklingzeit"
"Temporarily empower nearby troops. Every affected soldier receives a visible glow.","Stärke nahe Truppen vorübergehend. Jeder betroffene Soldat erhält ein sichtbares Leuchten."
"Combo","Combo"
"%1 [%2]","%1 [%2]"
"COMBAT CONTROLS","KAMPFSTEUERUNG"
"[LMB] Strike  [RMB] Guard","[LMT] Schlagen  [RMT] Decken"
"[Space] Dodge  [Alt] Jump","[Leertaste] Ausweichen  [Alt] Springen"
"[WASD] Move  [Shift] Sprint","[WASD] Bewegen  [Umschalt] Sprinten"
"[Tab] Cycle Target  [3] Aura  [C] Camera","[Tab] Ziel wechseln  [3] Aura  [C] Kamera"
"[R] Rally Orders  [Enter] Return to RTS","[R] Sammelbefehle  [Enter] Zurück zur RTS-Sicht"
"[F] Bash  [1] Rush  [2] Second Wind","[F] Stoß  [1] Ansturm  [2] Zweiter Atem"
"[Tab] Target  [1] Rush  [2] Second Wind  [3] Aura  [F] Bash","[Tab] Ziel  [1] Ansturm  [2] Zweiter Atem  [3] Aura  [F] Stoß"
"[R] Place Rally  [C] Camera  [Enter] Return to RTS","[R] Sammelpunkt setzen  [C] Kamera  [Enter] Zurück zur RTS-Sicht"
"Rally autopilot engaged until the flag is planted","Sammel-Autopilot aktiv, bis die Flagge steht"
"Combat HUD synced for close-quarters command","Kampf-HUD für Nahkampfführung angepasst"
"First-person command engaged","Ego-Perspektive-Kommando aktiv"
"MINIMAP","MINIKARTE"
"[You]","[Du]"
"Resume","Fortsetzen"
"Pause","Pause"
"Resume the battle to change speed","Setze die Schlacht fort, um das Tempo zu ändern"
"Follow the selection with the camera","Der Auswahl mit der Kamera folgen"
"Reset the camera","Kamera zurücksetzen"
"SPECTATOR","ZUSCHAUER"
"Watching a CPU-only match. You cannot issue commands.","Du siehst einem reinen KI-Match zu. Du kannst keine Befehle erteilen."
"Population","Bevölkerung"
"Human players","Menschliche Spieler"
"AI players","KI-Spieler"
"Enemies defeated","Besiegte Feinde"
"Minimap","Minikarte"
"The Campaign is Won","Der Feldzug ist gewonnen"
"Victory Secured","Sieg errungen"
"Army Broken","Armee zerschlagen"
"Every mission has fallen to your standard.","Jede Mission ist unter deinem Feldzeichen gefallen."
"Enemy command has fallen.","Das feindliche Kommando ist gefallen."
"Your command has collapsed.","Dein Kommando ist zusammengebrochen."
"Battle Report","Schlachtbericht"
"%1 of %2","%1 von %2"
"Pick a target","Ziel wählen"
"OK","OK"
"Search","Suchen"
"Selected units","Ausgewählte Einheiten"
"SELECTION","AUSWAHL"
"SELECTED UNIT","AUSGEWÄHLTE EINHEIT"
"SELECTED FORCE","AUSGEWÄHLTE STREITMACHT"
"%1 soldiers ready","%1 Soldaten bereit"
"1 unit","1 Einheit"
"%1 units","%1 Einheiten"
"%1 units  ·  %2 types","%1 Einheiten  ·  %2 Typen"
"Drag a box over your troops, or click a unit","Ziehe einen Rahmen über deine Truppen oder klicke eine Einheit an"
"Ready for orders","Bereit für Befehle"
"HEALTH","GESUNDHEIT"
"%1%","%1 %"
"STAMINA","AUSDAUER"
"%1 wounded","%1 verwundet"
"Map load failed: %1","Laden der Karte fehlgeschlagen: %1"
"Prewarming templates: scanning unit profiles...","Vorlagen werden vorbereitet: Einheitenprofile werden geprüft …"
"Prewarming templates: %1 / %2","Vorlagen werden vorbereitet: %1 / %2"
"Queued deferred template warmup (%1 additional)","Verzögerte Vorlagenvorbereitung eingereiht (%1 zusätzlich)"
"Template warmup complete (%1 core, %2 total)","Vorlagenvorbereitung abgeschlossen (%1 Kern, %2 gesamt)"
"Template warmup cancelled","Vorlagenvorbereitung abgebrochen"
"Load Game","Spiel laden"
"Cancel","Abbrechen"
"No saves found","Keine Spielstände gefunden"
"No Preview","Keine Vorschau"
"Load","Laden"
"Delete","Löschen"
"Confirm Delete","Löschen bestätigen"
"Are you sure you want to delete the save:\n""%1""?\n\nThis action cannot be undone.","Möchtest du den Spielstand wirklich löschen:\n„%1“?\n\nDiese Aktion kann nicht rückgängig gemacht werden."
"%1h %2m","%1 Std. %2 Min."
"%1m","%1 Min."
"Campaign","Feldzug"
"Skirmish","Plänkeln"
"%1 - autosave","%1 – Autospeicherung"
"%1 - quicksave","%1 – Schnellspeicherung"
"%1 · %2","%1 · %2"
"Saved %1","Gespeichert %1"
"Played %1","Gespielt %1"
"Export","Exportieren"
"Exported to %1","Exportiert nach %1"
"Export failed","Export fehlgeschlagen"
"Verify","Prüfen"
"Verification Passed","Prüfung bestanden"
"Verification Failed","Prüfung fehlgeschlagen"
"""%1"" is intact. The save file has not been corrupted.","„%1“ ist intakt. Die Spielstanddatei ist nicht beschädigt."
"""%1"" is corrupted and cannot be loaded. The save failed its integrity check.","„%1“ ist beschädigt und kann nicht geladen werden. Die Integritätsprüfung ist fehlgeschlagen."
"Import...","Importieren …"
"Save Verification","Spielstandprüfung"
"Import Save","Spielstand importieren"
"Save files found in the exports folder:","Im Exportordner gefundene Spielstände:"
"Import","Importieren"
"Imported as ""%1""","Importiert als „%1“"
"Import failed","Import fehlgeschlagen"
"No importable save files were found.","Es wurden keine importierbaren Spielstände gefunden."
"Untitled Save","Unbenannter Spielstand"
"Unknown Map","Unbekannte Karte"
"Loading...","Wird geladen …"
"Not Started","Nicht begonnen"
"Initializing...","Wird initialisiert ..."
"Loading Map Data...","Kartendaten werden geladen ..."
"Loading Terrain...","Gelände wird geladen ..."
"Loading Biome...","Biom wird geladen ..."
"Loading Water Features...","Gewässer werden geladen ..."
"Loading Roads...","Straßen werden geladen ..."
"Loading Environment...","Umgebung wird geladen ..."
"Loading Fog...","Nebel wird geladen ..."
"Loading Units & Buildings...","Einheiten und Gebäude werden geladen ..."
"Loading Audio...","Audio wird geladen ..."
"Generating Minimap...","Übersichtskarte wird erstellt ..."
"Initializing Game Systems...","Spielsysteme werden initialisiert ..."
"Finalizing...","Wird abgeschlossen ..."
"Complete","Abgeschlossen"
"Failed","Fehlgeschlagen"
"Unknown","Unbekannt"
"Standard of Iron - RTS Game","Standard of Iron – Echtzeit-Strategiespiel"
"PAUSED","PAUSIERT"
"Press Space to resume","Leertaste drücken, um fortzufahren"
"Error","Fehler"
"STANDARD OF IRON","STANDARD OF IRON"
"Save Game","Spiel speichern"
"Load Game","Spiel laden"
"Settings","Einstellungen"
"Exit","Beenden"
"Play Skirmish","Scharmützel spielen"
"Choose the field and deploy armies","Wähle das Schlachtfeld und stelle Armeen auf"
"Battle","Schlacht"
"Campaign","Feldzug"
"March through the Second Punic War","Ziehe durch den Zweiten Punischen Krieg"
"War Map","Kriegskarte"
"Objectives","Ziele"
"Review active orders","Aktive Befehle einsehen"
"Orders","Befehle"
"Record the current campaign state","Den aktuellen Feldzugsstand festhalten"
"Archive","Archiv"
"Return to a saved command","Zu einem gespeicherten Kommando zurückkehren"
"Return","Zurückkehren"
"Display, audio, and controls","Anzeige, Ton und Steuerung"
"Options","Optionen"
"Leave the war table","Den Kriegstisch verlassen"
"Retire","Zurücktreten"
"SPQR  /  QART-HADAST","SPQR  /  QART-HADAST"
"Rome and Carthage at the edge of empire","Rom und Karthago am Rand des Weltreichs"
"HANNIBAL BARCA","HANNIBAL BARKAS"
"General of Carthage","Feldherr von Karthago"
"SECOND PUNIC WAR","ZWEITER PUNISCHER KRIEG"
"Legions, fleets, elephants, and contested supply lines","Legionen, Flotten, Elefanten und umkämpfte Nachschubwege"
"Maps","Karten"
"No maps available","Keine Karten verfügbar"
"Map Preview","Kartenvorschau"
"Player bases shown as colored circles","Spielerbasen werden als farbige Kreise dargestellt"
"Select a map\nto see preview","Wähle eine Karte,\num die Vorschau zu sehen"
"No preview available","Keine Vorschau verfügbar"
"Maps","Karten"
"No maps available","Keine Karten verfügbar"
"Loading maps...","Karten werden geladen …"
"► %1","► %1"
"Select a map to continue","Wähle eine Karte, um fortzufahren"
"Loading map details...","Kartendetails werden geladen …"
"No Map Selected","Keine Karte ausgewählt"
"Players","Spieler"
"• Click color/team to cycle","• Farbe/Team anklicken zum Wechseln"
"Player color: %1 - Click to change","Spielerfarbe: %1 – zum Ändern klicken"
"Color","Farbe"
"Team %1 - Click to change","Team %1 – zum Ändern klicken"
"Team %1","Team %1"
"Remove player","Spieler entfernen"
"+ Add CPU","+ KI hinzufügen"
"Add AI opponent","KI-Gegner hinzufügen"
"Back","Zurück"
"Return to main menu (Esc)","Zurück zum Hauptmenü (Esc)"
"Play","Spielen"
"Start game (Enter)","Spiel starten (Eingabe)"
"Roman Republic","Römische Republik"
"Commander","Befehlshaber"
"• Click nation tag to change","• Nationskürzel anklicken zum Ändern"
"Disable player (spectator mode)","Spieler deaktivieren (Zuschauermodus)"
"Enable player","Spieler aktivieren"
"Nation: %1 - Click to change","Nation: %1 – zum Ändern klicken"
"Nation","Nation"
"Commander: %1 - Click to change","Kommandant: %1 – zum Ändern klicken"
"Available Player Slots: %1","Verfügbare Spielerplätze: %1"
"Select your player ID:","Wähle deine Spieler-ID:"
"ID %1","ID %1"
"All other slots will be CPU-controlled","Alle übrigen Plätze werden von der KI gesteuert"
"CPU will control: ID %1","Die KI steuert: ID %1"
", ID",", ID"
"Need at least 1 enabled player to start","Mindestens 1 aktivierter Spieler ist zum Starten nötig"
"Need at least 2 enabled players to start","Mindestens 2 aktivierte Spieler sind zum Starten nötig"
"At least two teams must be selected to start a match","Es müssen mindestens zwei Teams ausgewählt sein, um ein Match zu starten"
"Unnamed Map","Unbenannte Karte"
"A balanced Mediterranean skirmish map set among olive groves, dry wadis, terraced hills, and dusty farm roads. Control of the center and side ridges helps, but victory is standard barracks elimination.","Eine ausgewogene mediterrane Scharmützelkarte zwischen Olivenhainen, trockenen Wadis, Terrassenhügeln und staubigen Feldwegen. Die Kontrolle über das Zentrum und die seitlichen Höhenzüge hilft, doch der Sieg erfolgt wie üblich durch die Vernichtung aller Kasernen."
"A dense symmetrical forest battlefield for two active players, built around road reading, ambush woods, hill control, side objectives, and two neutral barracks. There are no rivers, bridges, or mountains. Roads deliberately route around hills instead of crossing over them.","Ein dichtes, symmetrisches Waldschlachtfeld für zwei aktive Spieler, ausgelegt auf das Lesen der Wege, Hinterhaltswälder, Hügelkontrolle, Nebenziele und zwei neutrale Kasernen. Es gibt weder Flüsse noch Brücken oder Berge. Die Wege führen bewusst um die Hügel herum statt über sie hinweg."
"A large balanced mountain skirmish map with two fortified bases, a contested central ridge, narrow high passes, flank trails, alpine streams, and strong archer positions. Victory is standard barracks elimination.","Eine große, ausgewogene Gebirgs-Scharmützelkarte mit zwei befestigten Basen, einem umkämpften Zentralgrat, schmalen Hochpässen, Flankenpfaden, Gebirgsbächen und starken Bogenschützenstellungen. Der Sieg erfolgt wie üblich durch die Vernichtung aller Kasernen."
"A rich strategic crossroads map with contested central bridges, neutral corner barracks, flank routes, and high ground around key crossings.","Eine reichhaltige strategische Kreuzungskarte mit umkämpften Brücken im Zentrum, neutralen Kasernen in den Ecken, Flankenrouten und Anhöhen rund um die wichtigsten Übergänge."
"Battle of Cannae","Schlacht von Cannae"
"Battle of Lake Trasimene","Schlacht am Trasimenischen See"
"Battle of Ticino","Schlacht am Ticinus"
"Battle of Trebia","Schlacht an der Trebia"
"Battle of Zama","Schlacht von Zama"
"Campania Campaign","Feldzug in Kampanien"
"Crossing the Alps","Die Überquerung der Alpen"
"Crossing the Rhone - Polished Maze Version","Die Überquerung der Rhone – überarbeitete Labyrinth-Fassung"
"Forest Battlefield","Waldschlachtfeld"
"Iron Sepulcher Watch","Wacht am Eisernen Grabmal"
"Mountain Strongholds","Bergfestungen"
"River Crossroads","Flusskreuzung"
"Small authored scenario that demonstrates ruins, a shrine, and undead awakening zones.","Kleines gestaltetes Szenario, das Ruinen, einen Schrein und Erweckungszonen der Untoten vorführt."
"Spanish Olive Grove","Spanischer Olivenhain"
"Loading map…","Karte wird geladen …"
"Tilt -","Neigung –"
"Tilt +","Neigung +"
"Reset view","Ansicht zurücksetzen"
"Control:","Kontrolle:"
"Legend","Legende"
"Rome","Rom"
"Carthage","Karthago"
"Neutral","Neutral"
"Drag to rotate  ·  Shift or right-drag to pan  ·  Scroll to zoom","Ziehen zum Drehen  ·  Umschalt oder Rechtsziehen zum Verschieben  ·  Scrollen zum Zoomen"
"Mission Region","Missionsregion"
"Rhône","Rhone"
"N. Italy","Norditalien"
"Trasimene","Trasimenischer See"
"Cannae","Cannae"
"Zama","Zama"
"Suffete Command","Sufeten-Kommando"
"Consular Command","Konsularisches Kommando"
"Carthaginian High Command","Karthagisches Oberkommando"
"Roman High Command","Römisches Oberkommando"
"3/","3/"
"610","610"
"Unknown","Unbekannt"
"100%","100 %"
"Sealed","Versiegelt"
"In Progress","Läuft"
"Rewards: Sealed until prior victories","Belohnungen: versiegelt bis zu vorherigen Siegen"
"Rewards: Laurels Inscribed • Veteran Honors Claimed","Belohnungen: Lorbeeren eingeschrieben • Veteranenehren erhalten"
"Rewards: Bronze Standard • Veteran Cohort","Belohnungen: bronzenes Feldzeichen • Veteranenkohorte"
"Dispatch:","Depesche:"
"Campaign Objectives (complete all):","Feldzugsziele (alle erfüllen):"
"Campaign Objectives (complete any):","Feldzugsziele (eines erfüllen):"
"Campaign Objectives:","Feldzugsziele:"
"Complete mission objective","Missionsziel erfüllen"
"Optional:","Optional:"
"Complete optional objective","Optionales Ziel erfüllen"
"Failure:","Niederlage:"
"Avoid mission failure","Missionsversagen vermeiden"
"• Complete the mission successfully","• Die Mission erfolgreich abschließen"
"Army Composition:","Heereszusammensetzung:"
"Historical Ledger:","Historisches Register:"
"Casualties Forecast:","Verlustprognose:"
"Tactical Rating:","Taktische Bewertung:"
"Campaign Success:","Feldzugserfolg:"
"Opposition Command","Gegnerisches Kommando"
"Field Command Pending","Feldkommando ausstehend"
"No named commander assigned to this force.","Dieser Streitmacht ist kein benannter Kommandant zugewiesen."
"Orders sealed until prior victories are secured.","Befehle versiegelt, bis frühere Siege errungen sind."
"Victory recorded. You may replay this engagement at will.","Sieg verzeichnet. Du kannst dieses Gefecht beliebig wiederholen."
"Orders issued. Deploy when ready.","Befehle erteilt. Rücke aus, sobald du bereit bist."
"Replay Mission","Mission wiederholen"
"Start Mission","Mission starten"
"Complete previous missions to unlock","Schließe frühere Missionen ab, um freizuschalten"
"Locked","Gesperrt"
"✓ Completed","✓ Abgeschlossen"
"✓ Archived","✓ Archiviert"
"Sealed","Versiegelt"
"Open Order","Offener Befehl"
"Difficulty:","Schwierigkeit:"
"east","Osten"
"west","Westen"
"south","Süden"
"north","Norden"
"southeast","Südosten"
"northeast","Nordosten"
"southwest","Südwesten"
"northwest","Nordwesten"
"Enemy","Feind"
"Assault phase %1/%2: %3 from the %4 (%5 units)","Angriffswelle %1/%2: %3 aus dem %4 (%5 Einheiten)"
"202 BC: Scipio arranged lanes through his infantry to blunt Hannibal's elephants, while Masinissa and Laelius commanded superior allied cavalry. The returning cavalry helped decide the battle. The Sepulcher intervention is the campaign's deliberate dark-fantasy break from history.","202 v. Chr.: Scipio ließ Gassen durch seine Infanterie öffnen, um Hannibals Elefanten die Wucht zu nehmen, während Masinissa und Laelius die überlegene verbündete Reiterei führten. Die zurückkehrende Kavallerie half, die Schlacht zu entscheiden. Das Eingreifen des Grabmals ist der bewusste Dark-Fantasy-Bruch dieses Feldzugs mit der Geschichte."
"215-212 BC: Hannibal campaigned across Campania while Capua served as his principal Italian ally and winter base. This dark-fantasy composite condenses several Roman attempts to contain and isolate the Carthaginian army.","215–212 v. Chr.: Hannibal führte Krieg quer durch Kampanien, während Capua sein wichtigster italischer Verbündeter und Winterstützpunkt war. Diese Dark-Fantasy-Verdichtung fasst mehrere römische Versuche zusammen, das karthagische Heer einzudämmen und zu isolieren."
"216 BC: beside the Aufidus, Hannibal's deliberately yielding center drew a much larger Roman infantry mass forward while African infantry attacked its flanks and Carthaginian cavalry closed the rear. Two Roman camps supported the army.","216 v. Chr.: Am Aufidus zog Hannibals absichtlich nachgebendes Zentrum eine weit größere römische Infanteriemasse nach vorn, während afrikanische Infanterie deren Flanken angriff und karthagische Reiterei den Rücken schloss. Zwei römische Lager stützten das Heer."
"217 BC: Hannibal drew Gaius Flaminius along the narrow northern shore of Lake Trasimene and attacked from concealed high ground in morning mist. The Roman marching column had little room to deploy and Flaminius was killed.","217 v. Chr.: Hannibal lockte Gaius Flaminius am schmalen Nordufer des Trasimenischen Sees entlang und griff im Morgennebel aus verdeckter Höhe an. Die römische Marschkolonne hatte kaum Raum, sich zu entfalten, und Flaminius fiel."
"218 BC: Hannibal crossed the Alps with a multinational army, cavalry, baggage train, and surviving elephants. Ancient sources disagree on the route; this scenario combines contested passes and local attacks into one dark-fantasy ascent.","218 v. Chr.: Hannibal überquerte die Alpen mit einem vielvölkischen Heer, Reiterei, Tross und den überlebenden Elefanten. Die antiken Quellen sind sich über die Route uneins; dieses Szenario verbindet umkämpfte Pässe und örtliche Angriffe zu einem einzigen Dark-Fantasy-Aufstieg."
"218 BC: Hannibal crossed the Rhône upstream from its mouth using boats, rafts, and a detached force sent across to turn local opposition. Scipio arrived too late; this altered history places Roman advance camps on the far-bank road to create the opening Carthage-versus-Rome engagement.","218 v. Chr.: Hannibal überquerte die Rhone oberhalb ihrer Mündung mit Booten, Flößen und einer abgesetzten Abteilung, die den örtlichen Widerstand umging. Scipio kam zu spät; diese veränderte Geschichte setzt römische Vorlager an die Straße am jenseitigen Ufer, um das erste Gefecht Karthago gegen Rom zu schaffen."
"218 BC: the Ticinus was primarily a cavalry engagement between reconnaissance forces. Roman consul Publius Cornelius Scipio was wounded and rescued during the retreat; the camp assault is a plausible dark-fantasy extension of that pursuit.","218 v. Chr.: Der Ticinus war vor allem ein Reitergefecht zwischen Aufklärungsverbänden. Der römische Konsul Publius Cornelius Scipio wurde verwundet und auf dem Rückzug gerettet; der Lagerangriff ist eine plausible Dark-Fantasy-Fortführung dieser Verfolgung."
"A broad river operation with ferries, wooded detours, bridgeheads, and fortified supply quarters; the Iron Sepulcher occupies an avoidable ruin on the southern flank.","Eine breit angelegte Flussoperation mit Fähren, bewaldeten Umwegen, Brückenköpfen und befestigten Nachschubvierteln; das Eiserne Grabmal besetzt eine vermeidbare Ruine an der Südflanke."
"A commander alone cannot defend a city quarter.","Ein Befehlshaber allein kann kein Stadtviertel halten."
"A general alone on a dead field is just the last corpse standing.","Ein Feldherr allein auf totem Feld ist nur die letzte Leiche, die noch steht."
"After Cannae, Rome refuses the battle Hannibal wants. The Republic instead presses every road, ally, granary, and walled town. Beneath the orchards, Iron Sepulcher graves make even a successful defense feel temporary.","Nach Cannae verweigert Rom die Schlacht, die Hannibal sucht. Stattdessen setzt die Republik jeder Straße, jedem Verbündeten, jedem Kornspeicher und jeder ummauerten Stadt zu. Unter den Obstgärten lassen die Gräber des Eisernen Grabmals selbst eine geglückte Verteidigung vorläufig erscheinen."
"Battle of Cannae","Schlacht von Cannae"
"Battle of Lake Trasimene","Schlacht am Trasimenischen See"
"Battle of Ticino","Schlacht am Ticinus"
"Battle of Trebia","Schlacht an der Trebia"
"Battle of Zama","Schlacht von Zama"
"Between assaults, seize the eastern Roman siege camp.","Nehmt zwischen den Angriffen das östliche römische Belagerungslager."
"Break all three Roman assault phases. The quarter holds when the last consular column is dead in the streets.","Brecht alle drei römischen Angriffsphasen. Das Viertel hält, wenn die letzte konsularische Kolonne tot in den Gassen liegt."
"Break both Iron Sepulcher attacks. At Zama, the dead no longer remain outside the battle.","Brecht beide Angriffe des Eisernen Grabmals. Bei Zama bleiben die Toten der Schlacht nicht länger fern."
"Break three Roman columns before the survivors find the ford again.","Brecht drei römische Kolonnen, ehe die Überlebenden die Furt wiederfinden."
"Build a durable economy, keep the camp gates supplied, rotate reserves between roads, and survive three clearly timed assault phases.","Baut eine tragfähige Wirtschaft auf, versorgt die Lagertore, verlegt Reserven zwischen den Straßen und übersteht drei klar getaktete Angriffsphasen."
"Burn every cursed guardian from the sepulcher ruins. Kill what cannot die.","Brennt jeden verfluchten Wächter aus den Grabruinen. Tötet, was nicht sterben kann."
"Clear the pass before the mountain closes it. Every hour lost is more men fed to the cold.","Räumt den Pass, ehe der Berg ihn schließt. Jede verlorene Stunde bedeutet mehr Männer, die der Kälte anheimfallen."
"Cross before the Roman runners reach their garrison. Every second spent waiting feeds the blade.","Setzt über, ehe die römischen Läufer ihre Besatzung erreichen. Jede Sekunde des Wartens nährt die Klinge."
"Cross the Rhône by one of several prepared routes, sever the eastern supply road, and capture two Roman advance camps before Scipio reaches the river.","Überquert die Rhone auf einer von mehreren vorbereiteten Routen, kappt die östliche Nachschubstraße und nehmt zwei römische Vorlager, ehe Scipio den Fluss erreicht."
"Crossing the Alps","Die Überquerung der Alpen"
"Crossing the Rhône","Die Überquerung der Rhone"
"Crush all three Roman camps and seal the iron tomb shut. No escape.","Zerschlagt alle drei römischen Lager und versiegelt das eiserne Grab. Kein Entkommen."
"Crush both Roman breakout columns before they claw through the hillside.","Zerschlagt beide römischen Ausbruchskolonnen, ehe sie sich durch den Hang graben."
"Cut timber for the sledges, break stone for the road, and draw iron for the shoes and axles. The column crosses on what your builders can carry.","Schlagt Holz für die Schlitten, brecht Stein für die Straße und gewinnt Eisen für Beschläge und Achsen. Die Kolonne kommt nur so weit, wie Eure Baumeister tragen können."
"December 218 BC: Hannibal provoked Tiberius Sempronius Longus into crossing the cold Trebia before breakfast. Carthaginian infantry, cavalry, elephants, and Mago's hidden detachment struck the exhausted Roman army from front, flanks, and rear.","Dezember 218 v. Chr.: Hannibal reizte Tiberius Sempronius Longus dazu, noch vor dem Frühmahl die kalte Trebia zu durchqueren. Karthagische Infanterie, Reiterei, Elefanten und Magos verborgene Abteilung trafen das erschöpfte römische Heer von vorn, von den Flanken und aus dem Rücken."
"Defend Hannibal's fortified Campanian supply town and break all three coordinated Roman assaults arriving from separate consular roads.","Verteidigt Hannibals befestigte kampanische Nachschubstadt und brecht alle drei abgestimmten römischen Angriffe, die über getrennte Konsularstraßen anrücken."
"Defense-to-offense transition. Teaches when to absorb the crossing, then commit the hidden strike force.","Übergang von der Verteidigung zum Angriff. Lehrt, wann man den Übergang abfängt und dann die verborgene Stoßtruppe einsetzt."
"Drive the dead from the shrine. Salt the earth where they stood.","Vertreibt die Toten aus dem Schrein. Salzt die Erde, auf der sie standen."
"Endure both waves from the depths. Do not flinch when the ground tears open.","Übersteht beide Wellen aus der Tiefe. Zuckt nicht zurück, wenn der Boden aufreißt."
"Every soldier lost is counted by the enemy tonight.","Jeder verlorene Soldat wird heute Nacht vom Feind gezählt."
"Execute the encirclement, then seize all three Roman camps before their reserves can restore the line.","Führt die Umfassung aus und nehmt dann alle drei römischen Lager, ehe die Reserven die Linie wiederherstellen können."
"Final battle in Africa: blunt Scipio's line, survive the Numidian cavalry, and seize all four Roman camps while breaking both risings of the dead.","Letzte Schlacht in Afrika: Nehmt Scipios Linie die Wucht, übersteht die numidische Reiterei und nehmt alle vier römischen Lager, während Ihr beide Erhebungen der Toten brecht."
"First battle on Italian soil. Win the cavalry duel, then seize the Roman reserve camp before fresh reinforcements regroup.","Erste Schlacht auf italischem Boden. Gewinnt das Reiterduell und nehmt dann das römische Reservelager, ehe frische Verstärkungen sich sammeln."
"Full-spectrum command. Teaches managing elephants and flank pressure while transitioning into a decisive camp assault.","Führung über die volle Breite. Lehrt den Umgang mit Elefanten und Flankendruck beim Übergang in einen entscheidenden Lagerangriff."
"Hannibal falls, and the allied towns abandon the field.","Hannibal fällt, und die verbündeten Städte geben das Feld preis."
"Hannibal's first Italian victory is a test of tempo and cavalry control. Ford-shades complicate the flanks but do not replace the Roman enemy.","Hannibals erster italischer Sieg ist eine Prüfung von Tempo und Reiterkontrolle. Die Schatten an der Furt erschweren die Flanken, ersetzen den römischen Feind aber nicht."
"Hannibal's masterpiece becomes a prolonged operational battle, not a single frontal collision.","Hannibals Meisterstück wird zu einer langgezogenen operativen Schlacht statt zu einem einzigen frontalen Zusammenstoß."
"Hold the river line and break all three Roman crossings. Let the cold and the water do the work Sempronius will not.","Haltet die Flusslinie und brecht alle drei römischen Übergänge. Lasst Kälte und Wasser die Arbeit tun, die Sempronius nicht tun will."
"Hold the ruins. Force the Romans to fight on two grounds at once.","Haltet die Ruinen. Zwingt die Römer, auf zwei Feldern zugleich zu kämpfen."
"Hold the southern bank through all three crossings. Sempronius spends his army on the ice; you have only to still be standing.","Haltet das Südufer durch alle drei Übergänge. Sempronius verbraucht sein Heer auf dem Eis; Ihr müsst nur noch stehen."
"If the central camp falls, the Campanian alliance dies with it.","Fällt das zentrale Lager, stirbt das kampanische Bündnis mit ihm."
"Introduce maze navigation, multiple river crossings, and dealing with scattered enemy patrols plus fortified positions.","Führt Labyrinth-Navigation, mehrfache Flussübergänge sowie den Umgang mit verstreuten Feindpatrouillen und befestigten Stellungen ein."
"Investigate the cursed shrine, survive the awakening, and clear the ruins.","Erkundet den verfluchten Schrein, übersteht das Erwachen und säubert die Ruinen."
"Iron Sepulcher Watch","Wacht am Eisernen Grabmal"
"Large-scale offense with multi-front awareness. Teaches maintaining the pocket while rotating into camp assaults.","Großangriff mit Blick für mehrere Fronten. Lehrt, den Kessel zu halten und dabei in Lagerangriffe überzugehen."
"Long-form offensive progression. Teaches keeping the column moving while absorbing attrition at each pass.","Langgezogener Offensivverlauf. Lehrt, die Kolonne in Bewegung zu halten und an jedem Pass Verluste aufzufangen."
"Lose the river camp and the cold takes what the Romans couldn't.","Verliert Ihr das Flusslager, holt sich die Kälte, was die Römer nicht bekamen."
"Lose the supply camp and the army starves before it reaches the snow line.","Verliert Ihr das Nachschublager, verhungert das Heer, ehe es die Schneegrenze erreicht."
"Lose your camp and the tempo dies with it.","Verliert Ihr Euer Lager, stirbt das Tempo mit ihm."
"Mobile offense with cavalry tempo. Teaches when to press an early advantage and convert it into a camp assault.","Beweglicher Angriff im Reitertempo. Lehrt, wann man einen frühen Vorteil nutzt und ihn in einen Lagerangriff verwandelt."
"Multi-vector offense from concealed positions. Teaches closing exits before shifting to camp seizure.","Angriff aus mehreren Richtungen aus verdeckten Stellungen. Lehrt, die Ausgänge zu schließen, ehe man zur Lagereinnahme übergeht."
"No living formation remains to hold the gates.","Keine lebende Formation ist mehr da, um die Tore zu halten."
"Preserve the market and four homes: Campania is being defended for its people and supplies, not merely its walls.","Bewahrt den Markt und vier Wohnhäuser: Kampanien wird für seine Menschen und Vorräte verteidigt, nicht bloß für seine Mauern."
"Provision the column for the descent: harvest timber, stone and iron from the pass while the mountain tribes contest every switchback.","Rüstet die Kolonne für den Abstieg: Gewinnt Holz, Stein und Eisen aus dem Pass, während die Bergstämme jede Kehre bestreiten."
"Raze every Roman post. Leave Scipio nothing to rally behind.","Schleift jeden römischen Posten. Lasst Scipio nichts, hinter dem er sich sammeln kann."
"Seal the road. Let no scout cross the Ticino alive.","Versperrt die Straße. Kein Späher soll den Ticinus lebend überqueren."
"Seize all four Roman camps — the consular line, Masinissa's Numidians, the rear guard, and the northern camp — before the cavalry closes your rear.","Nehmt alle vier römischen Lager – die konsularische Linie, Masinissas Numider, die Nachhut und das Nordlager –, ehe die Reiterei Euch den Rücken schließt."
"Seize both Roman camps. The ambush is not finished until their flags come down.","Nehmt beide römischen Lager. Der Hinterhalt ist erst beendet, wenn ihre Feldzeichen fallen."
"Seize the two river forts. Leave no crossing for Scipio's army to inherit.","Nehmt die beiden Flussforts. Lasst Scipios Heer keinen Übergang zurück."
"Spring the ambush and capture both Roman field camps within twenty minutes, before the mist lifts and a cohort escapes the basin.","Lasst den Hinterhalt zuschnappen und nehmt beide römischen Feldlager binnen zwanzig Minuten, ehe der Nebel sich hebt und eine Kohorte aus dem Becken entkommt."
"Stand your ground. The last soldier alone is not a force — he is a sacrifice.","Haltet Euren Boden. Der letzte Soldat allein ist keine Streitmacht – er ist ein Opfer."
"Take the bridge camp and the eastern reserve quarter before the Roman scouts vanish into the fog.","Nehmt das Brückenlager und das östliche Reservequartier, ehe die römischen Späher im Nebel verschwinden."
"The Campanian Vigil","Die kampanische Wacht"
"The Roman column walks into a geographical trap and is destroyed by converging attacks while the lakeside Sepulcher altar remains an optional horror.","Die römische Kolonne läuft in eine geografische Falle und wird von zusammenlaufenden Angriffen vernichtet, während der Grabmalaltar am Seeufer ein wahlweiser Schrecken bleibt."
"The Romans are baited into the winter river and punished by Mago's concealed force, then the defense becomes an assault on a complete winter camp.","Die Römer werden in den winterlichen Fluss gelockt und von Magos verborgener Truppe bestraft; dann wird aus der Verteidigung ein Angriff auf ein vollständiges Winterlager."
"The commander falls — and every line collapses behind him.","Der Befehlshaber fällt – und jede Linie bricht hinter ihm zusammen."
"The commander falls — the vigil ends. And the dead keep walking.","Der Befehlshaber fällt – die Wacht endet. Und die Toten gehen weiter."
"The crossing is a running battle against terrain, local resistance, and Roman influence. Sepulcher grave-lights remain a dangerous side path rather than the campaign's main enemy.","Der Übergang ist ein fortwährender Kampf gegen Gelände, örtlichen Widerstand und römischen Einfluss. Die Grablichter des Grabmals bleiben ein gefährlicher Nebenweg, nicht der Hauptfeind des Feldzugs."
"The final confrontation is Carthage against three coordinated Roman commands, until an Iron Sepulcher host attacks from the battlefield's neglected flank.","Die letzte Auseinandersetzung führt Karthago gegen drei abgestimmte römische Kommandos – bis ein Heer des Eisernen Grabmals aus der vernachlässigten Flanke des Schlachtfelds angreift."
"Twenty minutes before the mist lifts. If a cohort clears the basin, Rome learns the shape of the trap.","Zwanzig Minuten, ehe der Nebel sich hebt. Entkommt eine Kohorte aus dem Becken, erfährt Rom, wie die Falle geschnitten ist."
"Your camp falls — the field goes with it.","Euer Lager fällt – und das Feld geht mit ihm."
"Your command falls — and the wings fold inward.","Euer Kommando fällt – und die Flügel klappen nach innen."
"ASSAULT I: infantry from north and south; cavalry raiders and engineers on the eastern consular road.","ANGRIFF I: Infanterie aus Norden und Süden; Reiterstreifen und Pioniere auf der östlichen Konsularstraße."
"ASSAULT II: the Roman horns answer one another. Rotate the reserve before all three roads close.","ANGRIFF II: Die römischen Hörner antworten einander. Verlegt die Reserve, ehe sich alle drei Straßen schließen."
"ASSAULT III: siege engines and veteran cohorts. Hold every gate until the twentieth minute.","ANGRIFF III: Belagerungsmaschinen und Veteranenkohorten. Haltet jedes Tor bis zur zwanzigsten Minute."
"Another Roman wave is flanking from the southeast. Rotate quickly.","Eine weitere römische Welle umgeht Euch aus dem Südosten. Verlegt rasch."
"Counterattack now. Break them while they are split by the river.","Gegenangriff jetzt. Brecht sie, solange der Fluss sie teilt."
"Final ridge ahead. Break the last camp to open the descent.","Der letzte Grat liegt voraus. Brecht das letzte Lager, um den Abstieg zu öffnen."
"Fix the Roman center in place. Keep both cavalry wings active.","Bindet das römische Zentrum. Haltet beide Reiterflügel in Bewegung."
"Grave-lights move among the western orchards. The Iron Sepulcher is watching, but the legions remain the greater danger.","Grablichter ziehen durch die westlichen Obstgärten. Das Eiserne Grabmal sieht zu, doch die Legionen bleiben die größere Gefahr."
"Hold discipline. Let the Romans commit at the ford.","Wahrt die Disziplin. Lasst die Römer sich an der Furt festlegen."
"Iron bells answer beneath the western flank. The Sepulcher is advancing on Carthage as well as Rome.","Eiserne Glocken antworten unter der Westflanke. Das Grabmal rückt gegen Karthago ebenso vor wie gegen Rom."
"Navigate through the maze of hills and valleys. Watch for enemy patrols!","Findet den Weg durch das Labyrinth aus Hügeln und Tälern. Achtet auf feindliche Patrouillen!"
"Numidian cavalry is entering from the southeastern flank.","Numidische Reiterei rückt über die südöstliche Flanke ein."
"One minute. Spend the reserve; save the camp.","Eine Minute. Setzt die Reserve ein und rettet das Lager."
"Rear guard deployment detected in the north. This is the final phase.","Im Norden wird eine Nachhut in Stellung gebracht. Dies ist die letzte Phase."
"Roman cavalry is attempting a breakout from the south. Intercept them.","Römische Reiterei versucht aus dem Süden auszubrechen. Fangt sie ab."
"Roman cavalry screens the field. Punch through before reserves arrive.","Römische Reiterei schirmt das Feld ab. Stoßt durch, ehe Reserven eintreffen."
"Roman cavalry waves intensify. Collapse one flank before the rear guard arrives.","Die römischen Reiterwellen verstärken sich. Lasst eine Flanke zusammenbrechen, ehe die Nachhut eintrifft."
"Roman reinforcements are approaching from the eastern road.","Römische Verstärkungen nähern sich über die östliche Straße."
"Roman reserves are entering from the northern camp. Close the pocket faster.","Römische Reserven rücken aus dem Nordlager ein. Schließt den Kessel schneller."
"Roman reserves are moving from the western bank.","Römische Reserven setzen sich vom Westufer in Bewegung."
"Scipio extends the line. Keep your center steady and protect elephants from isolation.","Scipio dehnt die Linie. Haltet Euer Zentrum ruhig und schützt die Elefanten vor Vereinzelung."
"Second pass defenders are reinforcing. Keep the column moving.","Die Verteidiger des zweiten Passes erhalten Verstärkung. Haltet die Kolonne in Bewegung."
"Second-wave Roman cavalry is maneuvering for your rear. Rebalance your flanks.","Römische Reiterei der zweiten Welle manövriert in Euren Rücken. Gleicht Eure Flanken neu aus."
"Strike now. Close the western route and split their line.","Schlagt jetzt zu. Schließt die westliche Route und spaltet ihre Linie."
"Take the first pass quickly before the next ambush line assembles.","Nehmt den ersten Pass rasch, ehe sich die nächste Hinterhaltslinie sammelt."
"The Roman column enters the corridor. Wait for full commitment.","Die römische Kolonne betritt den Korridor. Wartet, bis sie sich ganz festgelegt hat."
"The Roman villages are heavily defended. Coordinate your attacks!","Die römischen Dörfer sind stark verteidigt. Stimmt Eure Angriffe ab!"
"Three Roman columns have entered the consular roads. The first coordinated assault arrives at 17:00.","Drei römische Kolonnen sind auf die Konsularstraßen eingeschwenkt. Der erste abgestimmte Angriff trifft um 17:00 ein."
"Two bridges cross the Rhône. Choose your path wisely - you may need both routes!","Zwei Brücken führen über die Rhone. Wählt Euren Weg mit Bedacht – Ihr könntet beide Routen brauchen!"
"Roman Republic","Römische Republik"
"Carthaginian Empire","Karthagisches Reich"
"The Iron Sepulcher","Das Eiserne Grabmal"
"Shield Wall","Schildwall"
"Testudo","Testudo"
"Mission briefing","Missionsbriefing"
"Mission Briefing","Missionsbriefing"
"Close the briefing","Briefing schließen"
"To Battle","In die Schlacht"
"Continue","Weiter"
"Select a map","Karte auswählen"
"Players (%1)","Spieler (%1)"
"Click color/team to cycle","Farbe/Team anklicken zum Wechseln"
"Select a map to configure players","Wähle eine Karte, um Spieler einzurichten"
"+ Add CPU","+ KI hinzufügen"
"Add AI player to the game","KI-Spieler zum Spiel hinzufügen"
"Max players reached","Maximale Spielerzahl erreicht"
"%n slot(s) available","%n Platz verfügbar | %n Plätze verfügbar"
"(map preview)","(Kartenvorschau)"
"Color","Farbe"
"Click to change color","Klicken, um die Farbe zu ändern"
"Click to change team","Klicken, um das Team zu ändern"
"Remove player","Spieler entfernen"
"gold","Gold"
"food","Nahrung"
"wood","Holz"
"stone","Stein"
"iron","Eisen"
"resources","Rohstoffe"
"Not enough %1.","Nicht genug %1."
"Select a tree, boulder, or iron ore deposit.","Wähle einen Baum, Felsblock oder ein Eisenerzvorkommen aus."
"Select a tree to chop.","Wähle einen Baum zum Fällen aus."
"Select a boulder to collect.","Wähle einen Felsblock zum Abbauen aus."
"Select iron ore to collect.","Wähle Eisenerz zum Abbauen aus."
"No available builder can chop that tree.","Kein verfügbarer Baumeister kann diesen Baum fällen."
"No available builder can collect that boulder.","Kein verfügbarer Baumeister kann diesen Felsblock abbauen."
"No available builder can collect that iron ore.","Kein verfügbarer Baumeister kann dieses Eisenerz abbauen."
"No available builder can collect that resource.","Kein verfügbarer Baumeister kann diesen Rohstoff abbauen."
"No walkable spot near that tree.","Kein begehbarer Platz in der Nähe dieses Baums."
"No walkable spot near that boulder.","Kein begehbarer Platz in der Nähe dieses Felsblocks."
"No walkable spot near that iron ore.","Kein begehbarer Platz in der Nähe dieses Eisenerzes."
"No walkable spot near that resource.","Kein begehbarer Platz in der Nähe dieses Rohstoffs."
"Drag out a wall line first.","Ziehe zuerst eine Mauerlinie auf."
"Choose a build location.","Wähle einen Bauplatz."
"That resource is already assigned.","Dieser Rohstoff ist bereits zugewiesen."
"Cannot build there.","Dort kann nicht gebaut werden."
"Blocked by an existing wall.","Durch eine vorhandene Mauer blockiert."
"Not enough wood.","Nicht genug Holz."
"No valid wall segments in that drag.","Keine gültigen Mauerabschnitte in diesem Zug."
"No available builder.","Kein verfügbarer Baumeister."
"That structure cannot be placed.","Dieses Bauwerk kann nicht platziert werden."
"Building factory unavailable.","Gebäudefabrik nicht verfügbar."
"Failed to place building.","Gebäude konnte nicht platziert werden."
"PRODUCTION QUEUE","PRODUKTIONSWARTESCHLANGE"
"RECRUIT UNITS","EINHEITEN AUSBILDEN"
"Queue is full (5/5)","Warteschlange voll (5/5)"
"Cannot recruit","Ausbildung nicht möglich"
"Set where newly recruited units will gather.\nRight-click to cancel.","Lege fest, wo neu ausgebildete Einheiten sich sammeln.\nRechtsklick zum Abbrechen."
"Right-click to cancel","Rechtsklick zum Abbrechen"
"No Barracks Selected","Keine Kaserne ausgewählt"
"Select a barracks to recruit units","Wähle eine Kaserne, um Einheiten auszubilden"
"Wood","Holz"
"Stone","Stein"
"Iron","Eisen"
"Catapult","Katapult"
"Long-range siege weapon\nEffective against structures","Belagerungswaffe mit großer Reichweite\nWirksam gegen Bauwerke"
"Ballista","Ballista"
"Precision siege weapon\nEffective against units","Präzise Belagerungswaffe\nWirksam gegen Einheiten"
"Defense Tower","Wehrturm"
"Stationary defense structure\nShoots arrows at enemies","Ortsfestes Verteidigungsbauwerk\nSchießt Pfeile auf Feinde"
"Home","Haus"
"Residential building\nAdds +50 population to nearest barracks","Wohngebäude\nGibt der nächsten Kaserne +50 Bevölkerung"
"Marketplace","Marktplatz"
"Trade building\nBuy or sell resources for gold","Handelsgebäude\nRohstoffe gegen Gold kaufen oder verkaufen"
"Wall Segment","Mauerabschnitt"
"Wooden defensive wall\nBlocks enemy movement","Hölzerne Schutzmauer\nBlockiert feindliche Bewegung"
"Wall Gate","Mauertor"
"Gated opening in a wall\nOpens for your troops and allies","Toröffnung in einer Mauer\nÖffnet sich für deine Truppen und Verbündeten"
"wood","Holz"
"stone","Stein"
"iron","Eisen"
"gold","Gold"
"%1 %2","%1 %2"
"%1 wood","%1 Holz"
"%1 stone","%1 Stein"
"%1 iron","%1 Eisen"
"%1 gold","%1 Gold"
"Not enough available population","Nicht genug verfügbare Bevölkerung"
"Not enough %1","Nicht genug %1"
"Already building...","Baut bereits …"
"%1s","%1 s"
"Idle","Untätig"
"Available Population: %1 / %2","Verfügbare Bevölkerung: %1 / %2"
"Recruit %1\nCost: %2\nBuild time: %3s","%1 ausbilden\nKosten: %2\nBauzeit: %3 s"
"population","Bevölkerung"
"Recruit %1\nCost: %2\nBuild time: %3s\nCarthage exclusive","%1 ausbilden\nKosten: %2\nBauzeit: %3 s\nNur für Karthago"
"HOME RECRUITMENT","HAUS-REKRUTIERUNG"
"Available civilians: %1 / %2","Verfügbare Zivilisten: %1 / %2"
"Recruit %1\nCost: %2\nBuild time: %3s\nUse Deliver mode, then click a friendly barracks to add 50 available population.","%1 ausbilden\nKosten: %2\nBauzeit: %3 s\nNutze den Liefermodus und klicke dann eine eigene Kaserne an, um 50 verfügbare Bevölkerung hinzuzufügen."
"families","Familien"
"This home already committed its 3 civilians","Dieses Haus hat seine 3 Zivilisten bereits abgestellt"
"Click Map to Set Rally","Karte anklicken, um den Sammelpunkt zu setzen"
"Set Rally Point","Sammelpunkt setzen"
"BUILDER CONSTRUCTION","BAUMEISTER-BAU"
"Build siege weapons, structures, and gather wood, stone, and iron","Baue Belagerungswaffen und Bauwerke und sammle Holz, Stein und Eisen"
"Select a structure to build","Wähle ein Bauwerk zum Bauen"
"Cut Tree","Baum fällen"
"Collect Stone","Stein abbauen"
"Collect Iron Ore","Eisenerz abbauen"
"Task: %1","Aufgabe: %1"
"Building: %1","Baut: %1"
"Build Catapult\n%1\nCost: %2\nBuild time: %3s","Katapult bauen\n%1\nKosten: %2\nBauzeit: %3 s"
"Build Ballista\n%1\nCost: %2\nBuild time: %3s","Ballista bauen\n%1\nKosten: %2\nBauzeit: %3 s"
"Build Defense Tower\n%1\nCost: %2\nBuild time: %3s","Wehrturm bauen\n%1\nKosten: %2\nBauzeit: %3 s"
"Build Home\n%1\nCost: %2\nBuild time: %3s","Haus bauen\n%1\nKosten: %2\nBauzeit: %3 s"
"Build Wall Segment\n%1\nCost: %2\nBuild time: %3s","Mauerabschnitt bauen\n%1\nKosten: %2\nBauzeit: %3 s"
"Build Wall Gate\n%1\nCost: %2\nBuild time: %3s","Mauertor bauen\n%1\nKosten: %2\nBauzeit: %3 s"
"Build Marketplace\n%1\nCost: %2\nBuild time: %3s","Marktplatz bauen\n%1\nKosten: %2\nBauzeit: %3 s"
"MARKETPLACE","MARKTPLATZ"
"Trade resources for gold at fixed exchange rates","Handle Rohstoffe zu festen Kursen gegen Gold"
"Select your marketplace to trade","Wähle deinen Marktplatz aus, um zu handeln"
"Gold: %1    Trade size: %2","Gold: %1    Handelsmenge: %2"
"Trading is available only for your own marketplace.","Handel ist nur an deinem eigenen Marktplatz möglich."
"You have %1","Du hast %1"
"Buy %1 (%2g)","%1 kaufen (%2 G)"
"Spend %1 gold to buy %2 %3","%1 Gold ausgeben, um %2 %3 zu kaufen"
"Sell %1 (+%2g)","%1 verkaufen (+%2 G)"
"Sell %1 %2 for %3 gold","%1 %2 für %3 Gold verkaufen"
"Mounted Knight","Berittener Ritter"
"Horse Archer","Berittener Bogenschütze"
"Horse Spearman","Berittener Speerkämpfer"
"War Elephant","Kriegselefant"
"HP %1/%2","TP %1/%2"
"STM %1%","AUS %1 %"
"FINISHER","FINISHER"
"COMBO","COMBO"
"POSTURE","HALTUNG"
"GUARD BROKEN","DECKUNG GEBROCHEN"
"⚡ PUNISH ⚡","⚡ BESTRAFEN ⚡"
"BASH","STOSS"
"RUSH","ANSTURM"
"WIND","ATEM"
"READY","BEREIT"
"BROKEN","GEBROCHEN"
"STAGGERED","TAUMELND"
"Save payload has no checksum","Spielstanddaten ohne Prüfsumme"
"Save payload is corrupted (stored checksum mismatch)","Spielstanddaten beschädigt (gespeicherte Prüfsumme stimmt nicht überein)"
"Save payload is corrupted (decompression failed)","Spielstanddaten beschädigt (Entpacken fehlgeschlagen)"
"Save payload is corrupted (expected %1 bytes, got %2)","Spielstanddaten beschädigt (%1 Bytes erwartet, %2 erhalten)"
"Save payload is corrupted (content checksum mismatch)","Spielstanddaten beschädigt (Inhaltsprüfsumme stimmt nicht überein)"
"Not a Standard of Iron save file","Keine Spielstanddatei von Standard of Iron"
"Unsupported save file version %1 (expected %2)","Nicht unterstützte Spielstandversion %1 (erwartet: %2)"
"Save file header is truncated","Kopfdaten der Spielstanddatei sind unvollständig"
"Save file header is corrupted: %1","Kopfdaten der Spielstanddatei sind beschädigt: %1"
"Save file uses an unknown compression format","Die Spielstanddatei nutzt ein unbekanntes Komprimierungsformat"
"Save file declares implausible sizes","Die Spielstanddatei gibt unplausible Größen an"
"Save file body is truncated","Der Inhalt der Spielstanddatei ist unvollständig"
"Save file preview image is corrupted","Das Vorschaubild der Spielstanddatei ist beschädigt"
"Save Game","Spiel speichern"
"Cancel","Abbrechen"
"Save Name:","Name des Spielstands:"
"Enter save name...","Namen eingeben …"
"Save","Speichern"
"Existing Saves","Vorhandene Spielstände"
"No Preview","Keine Vorschau"
"Slot: %1","Slot: %1"
"Last saved: %1","Zuletzt gespeichert: %1"
"Overwrite","Überschreiben"
"Confirm Overwrite","Überschreiben bestätigen"
"Are you sure you want to overwrite the save:\n""%1""?","Möchtest du den Spielstand wirklich überschreiben:\n„%1“?"
"%1 - %2 (%3 KB on disk)","%1 – %2 (%3 KB auf dem Datenträger)"
"Campaign","Feldzug"
"Skirmish","Plänkeln"
"Untitled Save","Unbenannter Spielstand"
"Unknown Map","Unbekannte Karte"
"Save failed","Speichern fehlgeschlagen"
"Saving ""%1""","„%1“ wird gespeichert"
"Cancel","Abbrechen"
"Failed to begin transaction","Transaktion konnte nicht begonnen werden"
"Failed to commit transaction","Transaktion konnte nicht bestätigt werden"
"Failed to open save database","Die Spielstanddatenbank konnte nicht geöffnet werden"
"Failed to read schema version","Schemaversion konnte nicht gelesen werden"
"Failed to record schema version","Schemaversion konnte nicht gespeichert werden"
"Failed to drop table %1","Tabelle %1 konnte nicht entfernt werden"
"Failed to create save schema","Das Spielstandschema konnte nicht erstellt werden"
"Failed to prepare save query","Die Speicherabfrage konnte nicht vorbereitet werden"
"Failed to persist save slot","Der Speicherplatz konnte nicht gespeichert werden"
"Failed to read save slot","Der Speicherplatz konnte nicht gelesen werden"
"Save slot '%1' not found","Speicherplatz „%1“ nicht gefunden"
"Save slot '%1' uses unsupported format version %2","Speicherplatz „%1“ nutzt die nicht unterstützte Formatversion %2"
"Save slot '%1' uses an unknown compression format","Speicherplatz „%1“ nutzt ein unbekanntes Komprimierungsformat"
"Failed to enumerate save slots","Die Speicherplätze konnten nicht aufgelistet werden"
"Failed to look up save slot","Der Speicherplatz konnte nicht nachgeschlagen werden"
"Failed to store save preview","Die Spielstandvorschau konnte nicht gespeichert werden"
"Failed to delete save slot","Der Speicherplatz konnte nicht gelöscht werden"
"Failed to get campaign progress","Der Feldzugsfortschritt konnte nicht ermittelt werden"
"Failed to mark campaign as completed","Der Feldzug konnte nicht als abgeschlossen markiert werden"
"Failed to prepare mission result insert","Das Einfügen des Missionsergebnisses konnte nicht vorbereitet werden"
"Failed to save mission result","Das Missionsergebnis konnte nicht gespeichert werden"
"Failed to get mission progress","Der Missionsfortschritt konnte nicht ermittelt werden"
"Failed to get campaign mission progress","Der Fortschritt der Feldzugsmission konnte nicht ermittelt werden"
"Failed to register campaign mission","Die Feldzugsmission konnte nicht registriert werden"
"Failed to mark mission as completed","Die Mission konnte nicht als abgeschlossen markiert werden"
"Failed to find completed mission order","Die Reihenfolge der abgeschlossenen Mission konnte nicht ermittelt werden"
"Failed to unlock next mission","Die nächste Mission konnte nicht freigeschaltet werden"
"No next mission found to unlock (completed mission order: %1)","Keine nächste Mission zum Freischalten gefunden (Reihenfolge der abgeschlossenen Mission: %1)"
"Settings","Einstellungen"
"Close","Schließen"
"Language","Sprache"
"Select Language:","Sprache auswählen:"
"Language changes apply immediately","Sprachänderungen wirken sofort"
"Protanopia (red-blind)","Protanopie (Rotblindheit)"
"Deuteranopia (green-blind)","Deuteranopie (Grünblindheit)"
"Tritanopia (blue-blind)","Tritanopie (Blaublindheit)"
"Standard","Standard"
"Audio Settings","Toneinstellungen"
"Master Volume:","Gesamtlautstärke:"
"Music Volume:","Musiklautstärke:"
"SFX Volume:","Effektlautstärke:"
"Voice Volume:","Sprachlautstärke:"
"Ambience Volume:","Umgebungslautstärke:"
"Graphics Settings","Grafikeinstellungen"
"Graphics Quality:","Grafikqualität:"
"Autosave","Autospeicherung"
"Autosaves to keep:","Aufzubewahrende Autospeicherungen:"
"Autosave every:","Autospeicherung alle:"
"Off","Aus"
"%1 min","%1 Min."
"Older autosaves beyond this count are deleted automatically.","Ältere Autospeicherungen über diese Anzahl hinaus werden automatisch gelöscht."
"Accessibility","Barrierefreiheit"
"Interface Scale:","Oberflächenskalierung:"
"Colour Vision:","Farbsehen:"
"Reduce motion","Bewegung reduzieren"
"Removes transitions and idle animations across every screen","Entfernt Übergänge und Leerlaufanimationen auf allen Bildschirmen"
"High contrast","Hoher Kontrast"
"Raises panel and text contrast for low vision","Erhöht den Kontrast von Flächen und Text für Sehbeeinträchtigte"
"Always show keyboard focus","Tastaturfokus immer anzeigen"
"Keeps the focus outline visible even after clicking","Hält den Fokusrahmen auch nach dem Klicken sichtbar"
"These settings apply to the campaign, skirmish and editor tools alike.","Diese Einstellungen gelten gleichermaßen für Feldzug, Scharmützel und Editorwerkzeuge."
"About","Über"
"Standard of Iron - RTS Game","Standard of Iron – Echtzeit-Strategiespiel"
"Version 1.0.0","Version 1.0.0"
"Third-Party Software","Software von Drittanbietern"
"This game uses the Qt framework, licensed under the GNU Lesser General Public License v3 (LGPL v3).","Dieses Spiel verwendet das Qt-Framework unter der GNU Lesser General Public License v3 (LGPL v3)."
"Qt is dynamically linked, allowing you to replace Qt libraries with your own versions.","Qt ist dynamisch eingebunden, sodass du die Qt-Bibliotheken durch eigene Versionen ersetzen kannst."
"LGPL v3 License","LGPL-v3-Lizenz"
"Qt Website","Qt-Website"
"Invalid team configuration: At least two teams must be selected to start a match.","Ungültige Teamkonfiguration: Es müssen mindestens zwei Teams ausgewählt sein, um ein Match zu starten."
"Iron Sepulcher %1","Eisernes Grabmal %1"
"The shrine answers to you now. Its dead fall still.","Der Schrein gehorcht nun Euch. Seine Toten sinken zurück."
"The shrine is broken. Every risen guardian crumbles.","Der Schrein ist zerbrochen. Jeder erhobene Wächter zerfällt."
"Wave %1/%2","Welle %1/%2"
"The Iron Sepulcher wakes. %1 rises to meet you.","Das Eiserne Grabmal erwacht. %1 erhebt sich Euch entgegen."
"%1 claws out of the ground.","%1 gräbt sich aus dem Boden."
"The risen guardians are put down. The ground is quiet.","Die erhobenen Wächter sind niedergestreckt. Der Boden ist still."
"Archer","Bogenschütze"
"Swordsman","Schwertkämpfer"
"Spearman","Speerkämpfer"
"Mounted Knight","Berittener Ritter"
"Horse Archer","Berittener Bogenschütze"
"Horse Spearman","Berittener Speerkämpfer"
"Healer","Heiler"
"Skeleton Swordsman","Skelett-Schwertkämpfer"
"Skeleton Archer","Skelett-Bogenschütze"
"Grave Priest","Grabpriester"
"Catapult","Katapult"
"Ballista","Ballista"
"War Elephant","Kriegselefant"
"Quintus Fabius Maximus","Quintus Fabius Maximus"
"Publius Cornelius Scipio","Publius Cornelius Scipio"
"Marcus Claudius Marcellus","Marcus Claudius Marcellus"
"Hanno the Great","Hanno der Große"
"Hasdrubal Barca","Hasdrubal Barkas"
"Hannibal Barca","Hannibal Barkas"
"Builder","Baumeister"
"Civilian","Zivilist"
"Unknown Troop","Unbekannte Truppe"
"African War Elephant","Afrikanischer Kriegselefant"
"Auxiliary Archer","Hilfsbogenschütze"
"Carthaginian Ballista","Karthagische Ballista"
"Carthaginian Catapult","Karthagisches Katapult"
"Citizen Infantry","Bürgerinfanterie"
"Equites","Equites"
"Faber","Faber"
"Legionary","Legionär"
"Liby-Phoenician Spear","Libysch-phönizischer Speerkämpfer"
"Libyan Archer","Libyscher Bogenschütze"
"Medicus","Medicus"
"Numidian Cavalry","Numidische Kavallerie"
"Onager","Onager"
"Phoenician Craftsman","Phönizischer Handwerker"
"Sacred Band Healer","Heiler der Heiligen Schar"
"Triarius","Triarier"
"Blocked by an existing wall.","Durch eine vorhandene Mauer blockiert."
"Cannot build there.","Dort kann nicht gebaut werden."
"Failed to initialize OpenGL renderer.\n\nThis usually means:\n1. Graphics drivers don't support required OpenGL 3.3 Core Profile\n2. Running in a VM with incomplete OpenGL support\n3. Qt software OpenGL fallback is unavailable or failed to initialize\n\nTo fix:\n- Run run_debug_softwaregl.cmd or set QT_OPENGL=software\n- Update graphics drivers\n- On VMs: Enable 3D acceleration in VM settings","OpenGL-Renderer konnte nicht initialisiert werden.\n\nDas bedeutet meist:\n1. Die Grafiktreiber unterstützen das erforderliche OpenGL-3.3-Core-Profil nicht\n2. Ausführung in einer VM mit unvollständiger OpenGL-Unterstützung\n3. Der Software-OpenGL-Fallback von Qt fehlt oder konnte nicht initialisiert werden\n\nLösung:\n- Führe run_debug_softwaregl.cmd aus oder setze QT_OPENGL=software\n- Aktualisiere die Grafiktreiber\n- In VMs: Aktiviere die 3D-Beschleunigung in den VM-Einstellungen"
