"source","translation_ar"
"Idle","خامل"
"Standing by and awaiting orders.","في وضع الاستعداد بانتظار الأوامر."
"Moving","يتحرك"
"Marching to the ordered position.","يزحف إلى الموقع المأمور به."
"Attacking","يهاجم"
"Engaging the assigned target.","يشتبك مع الهدف المكلَّف به."
"Patrolling","يدوريّ"
"Walking the patrol route between its waypoints.","يسلك مسار الدورية بين نقاطه."
"Guarding","يحرس"
"Holding a guard post and answering threats near it.","يثبت في مركز حراسة ويردّ على التهديدات القريبة منه."
"Holding position","يثبت في موضعه"
"Rooted in place; it will not pursue.","راسخ في مكانه؛ لن يطارد."
"Building","يبني"
"Raising a structure on the marked site.","يشيّد بناءً في الموقع المحدَّد."
"Repairing","يصلح"
"Mending a damaged structure.","يرمّم بناءً متضرراً."
"Dismantling","يفكّك"
"Taking a structure apart.","يفكّك بناءً إلى أجزائه."
"Cutting timber","يقطع الخشب"
"Felling a tree for wood.","يسقط شجرة للحصول على الخشب."
"Quarrying stone","يقلع الحجر"
"Breaking a boulder for stone.","يكسر صخرة للحصول على الحجر."
"Mining iron","يستخرج الحديد"
"Working an ore deposit for iron.","يستثمر منجم خام للحصول على الحديد."
"Auto gathering","جمع تلقائي"
"Standing order: seek out the nearest resource and keep collecting.","أمر دائم: ابحث عن أقرب مورد وواصل الجمع."
"Delivering","يوصل"
"Carrying its load to the barracks.","يحمل حمولته إلى الثكنة."
"Healing","يعالج"
"Tending wounded allies nearby.","يداوي الحلفاء الجرحى القريبين."
"Training","يدرّب"
"Producing the next unit in the queue.","ينتج الوحدة التالية في الطابور."
"Blocked","محجوب"
"Waiting: the way is blocked or the target is gone.","في الانتظار: الطريق مسدود أو الهدف اختفى."
"Active","نشط"
"Work is under way.","العمل جارٍ."
"Queued","في الطابور"
"Ordered, but the unit is still on its way.","صدر الأمر، لكن الوحدة ما زالت في الطريق."
"Unavailable","غير متاح"
"The target cannot be worked; give a new order.","لا يمكن العمل على هذا الهدف؛ أصدر أمراً جديداً."
"Interrupted","متوقف"
"Work stopped part-way; re-issue the order to resume.","توقف العمل في منتصفه؛ أعد إصدار الأمر لاستئنافه."
"%1 — %2","%1 — %2"
"%1 (%2 units)","%1 (%2 وحدة)"
"Not enough wood, stone, or iron to recruit this unit.","لا يكفي الخشب أو الحجر أو الحديد لتجنيد هذه الوحدة."
"%1 of %2 positions do not fit on this ground.","%1 من %2 من المواضع لا تتسع على هذه الأرض."
"Automatic","تلقائي"
"Low","منخفض"
"Medium","متوسط"
"High","عالٍ"
"Ultra","فائق"
"Maximum performance. Aggressive LOD, reduced detail at distance.","أقصى أداء. تبسيط حادّ للتفاصيل، وتفاصيل أقل على البعد."
"Balanced performance and quality. Recommended for most systems.","توازن بين الأداء والجودة. موصى به لمعظم الأجهزة."
"Higher quality. More detail visible at distance. Requires better hardware.","جودة أعلى. تفاصيل أكثر ظهوراً على البعد. يتطلب عتاداً أفضل."
"Maximum quality. Full detail always. Best hardware recommended.","أقصى جودة. تفاصيل كاملة دائماً. يُنصح بأفضل عتاد."
"Cannot export a save with an empty name","لا يمكن تصدير حفظ بلا اسم"
"SCORE","النتيجة"
"YOU","أنت"
"Return to Menu","العودة إلى القائمة"
"Victory Secured","تحقق النصر"
"Army Broken","تحطّم الجيش"
"Held the Field","صمد في الميدان"
"Routed","اندحر"
"Kills","القتلى في صفوف العدو"
"Losses","الخسائر"
"Units trained","الوحدات المدرَّبة"
"Villages","القرى"
"Play time","زمن اللعب"
"Back","رجوع"
"Victory Conditions — complete all","شروط النصر — أنجزها كلها"
"Victory Conditions — complete any","شروط النصر — أنجز أياً منها"
"Victory Conditions","شروط النصر"
"Complete the objective","أنجز الهدف"
"Defeat Conditions","شروط الهزيمة"
"Avoid this condition","تجنّب هذا الشرط"
"Optional Objectives","أهداف اختيارية"
"Optional objective","هدف اختياري"
"No mission objectives available.\nThis may be a skirmish, or objectives have not been configured.","لا توجد أهداف للمهمة.\nقد تكون هذه مناوشة، أو أن الأهداف لم تُضبط بعد."
"Carthage Core","قلب قرطاج"
"Carthaginian Iberia","إيبيريا القرطاجية"
"Cisalpine Gaul","بلاد الغال السيسالبية"
"Corsica","كورسيكا"
"Etruria","إتروريا"
"Iberian Interior","الداخل الإيبيري"
"Libya","ليبيا"
"Numidia","نوميديا"
"Roman Core","قلب روما"
"Sardinia","سردينيا"
"Sicily","صقلية"
"Southern Italy","جنوب إيطاليا"
"Transalpine Gaul","بلاد الغال الترانسالبية"
"Illyrian Coast","الساحل الإيليري"
"Illyrian Interior","الداخل الإيليري"
"Aleria","أليريا"
"Ariminum","أريمينوم"
"Capua","كابوا"
"Caralis","كاراليس"
"Carthage","قرطاج"
"Cirta","سيرتا"
"Emporiae","إمبورياي"
"Leptis","لبدة"
"Lilybaeum","ليليبايوم"
"Massalia","ماسّاليا"
"Mediolanum","ميديولانوم"
"New Carthage","قرطاجنة الجديدة"
"Numantia","نومانتيا"
"Placentia","بلاسنتيا"
"Rome","روما"
"Saguntum","ساغونتوم"
"Salona","سالونا"
"Syracuse","سيراكوزا"
"Tarentum","تارنتوم"
"Tarraco","تاراكو"
"Tingis","طنجة"
"Veii","فييي"
"Campaign Missions","مهام الحملة"
"← Back","→ رجوع"
"✓ Completed","✓ مكتملة"
"Locked","مقفلة"
"No campaign missions available","لا توجد مهام حملة متاحة"
"Rome","روما"
"Carthage","قرطاج"
"Neutral","محايد"
"Loading map…","جارٍ تحميل الخريطة…"
"Control:","السيطرة:"
"Legend","مفتاح الرموز"
"Select a Mission","اختر مهمة"
"Mission briefing...","إحاطة المهمة..."
"Cancel","إلغاء"
"Campaign War Table • Mediterranean Theater","طاولة حرب الحملة • مسرح البحر المتوسط"
"Campaign","الحملة"
"Campaign Chronicle •","سجل الحملة •"
"← Back","→ رجوع"
"Campaign Chronicle","سجل الحملة"
"Campaign Progress:","تقدّم الحملة:"
"202 BC: recalled to Africa, Hannibal faces Scipio and Masinissa on the plain near Zama. The elephant lanes are prepared, the Roman camps are fortified, and the Iron Sepulcher no longer waits at the edge of history. Take all four camps and break both risings of the dead — nothing less ends this war.","202 ق.م: بعد استدعائه إلى أفريقيا، يواجه حنبعل سكيبيو وماسينيسا في السهل قرب زاما. مسارات الفيلة مُهيَّأة، والمعسكرات الرومانية محصَّنة، ولم يعد ضريح الحديد ينتظر على هامش التاريخ. استولِ على المعسكرات الأربعة كلها واكسر نهضتَي الموتى — ولا شيء دون ذلك ينهي هذه الحرب."
"215-212 BC: Capua and the Campanian allies sustain Hannibal while Rome avoids another Cannae and attacks roads, farms, and loyalties. Fortify the Punic supply quarter and break all three coordinated assaults — the quarter is not held until the last consular column lies dead in the streets.","215-212 ق.م: تسند كابوا وحلفاء كامبانيا حنبعل، بينما تتجنب روما كانّاي أخرى وتهاجم الطرق والمزارع والولاءات. حصّن حي الإمداد البوني واكسر الهجمات الثلاثة المنسّقة — لا يُعدّ الحي محفوظاً حتى يسقط آخر رتل قنصلي صريعاً في الشوارع."
"216 BC: the consuls mass Rome's greatest field army beside the Aufidus. Yield the Punic center by design, win both cavalry wings, close the double envelopment, then take the principal camp, the reserve camp, and the allied camp across the river road.","216 ق.م: يحشد القنصلان أعظم جيوش روما الميدانية بجانب نهر أوفيدوس. تراجع بالقلب البوني عمداً، واظفر بجناحَي الفرسان، وأطبق التطويق المزدوج، ثم استولِ على المعسكر الرئيسي ومعسكر الاحتياط والمعسكر الحليف عبر طريق النهر."
"217 BC: Flaminius pursues along the northern shore of Lake Trasimene. Mist closes the road between lake and wooded height — and it will not hold for long. Strike the length of the column and seize both field posts within twenty minutes, before the air clears and a cohort carries word out of the basin.","217 ق.م: يطارد فلامينيوس على طول الشاطئ الشمالي لبحيرة تراسيميني. يغلق الضباب الطريق بين البحيرة والمرتفع المشجَّر — ولن يدوم طويلاً. اضرب الرتل على امتداده واستولِ على المركزين الميدانيين خلال عشرين دقيقة، قبل أن يصفو الهواء وتحمل كتيبة الخبر خارج الحوض."
"218 BC, winter: Sempronius Longus accepts the bait and drives his hungry army through the freezing Trebia. Hold the southern line and break all three crossings. You need not take his camp — you need only be standing when the river has finished with him.","218 ق.م، شتاءً: يبتلع سمبرونيوس لونغوس الطُّعم ويدفع جيشه الجائع عبر مياه تريبيا المتجمدة. اثبت على الخط الجنوبي واكسر المعابر الثلاثة. لا حاجة بك إلى الاستيلاء على معسكره — يكفي أن تظل واقفاً حين يفرغ النهر منه."
"218 BC: Hannibal turns from the Rhône into the Alps with soldiers, cavalry, baggage animals, and elephants. The pass cannot be taken by the sword alone — it must be paid for in timber, stone and iron. Set your builders to the slopes while the mountain peoples contest every switchback; do not follow the grave-lights into the snow.","218 ق.م: ينعطف حنبعل من نهر الرون إلى جبال الألب بجنوده وفرسانه ودوابّ الحمل والفيلة. لا يُؤخذ الممر بالسيف وحده — بل يُدفع ثمنه خشباً وحجراً وحديداً. أرسل بنّاءيك إلى المنحدرات بينما تنازعك شعوب الجبل كل منعطف؛ ولا تتبع أضواء القبور إلى الثلج."
"218 BC: near the Ticinus, Scipio's reconnaissance force tests Hannibal's cavalry. Win the mounted engagement, cut the bridge road, and overrun both Roman camps before their scouts carry a clean account back to the consul.","218 ق.م: قرب نهر تيتشينو، تختبر قوة استطلاع سكيبيو فرسان حنبعل. اظفر باشتباك الفرسان، واقطع طريق الجسر، واجتَح المعسكرين الرومانيين قبل أن يحمل كشّافتهم تقريراً واضحاً إلى القنصل."
"218 BC: the Rhône must be secured faster than Publius Cornelius Scipio can bring his army from Massalia. In this altered campaign, Roman advance posts hold the eastern approaches. Cross by ford, pontoon, or wooded detour and seize their river camps.","218 ق.م: يجب تأمين نهر الرون قبل أن يتمكن بوبليوس كورنيليوس سكيبيو من جلب جيشه من ماسّاليا. في هذه الحملة المُبدَّلة، تحرس مراكز رومانية متقدمة المداخل الشرقية. اعبر من المخاضة أو على المعديات أو بالالتفاف عبر الغابة، واستولِ على معسكراتهم النهرية."
"At dawn the market still stands and the consular roads are choked with Roman shields. Campania has bought the army another season, though every ally now understands how long Rome is willing to bleed.","عند الفجر ما زالت السوق قائمة، والطرق القنصلية مكتظّة بالدروع الرومانية. اشترت كامبانيا للجيش موسماً آخر، وإن أدرك كل حليف الآن كم هي روما مستعدة أن تنزف."
"Command Hannibal's Carthaginian army from the Alpine invasion of 218 BC to Zama in 202 BC. Break Roman camps, take fortified towns, preserve allied economies, and survive the Republic's answering legions while the Iron Sepulcher watches from roads older than either empire.","قُد جيش حنبعل القرطاجي من اجتياح الألب عام 218 ق.م حتى زاما عام 202 ق.م. اكسر المعسكرات الرومانية، وخذ المدن المحصّنة، واحفظ اقتصادات الحلفاء، وانجُ من فيالق الجمهورية المضادّة، بينما يراقب ضريح الحديد من طرق أقدم من الإمبراطوريتين معاً."
"Flaminius and much of his army are lost beside the lake. Rome names Fabius dictator. In the drowned reeds, an Iron Sepulcher altar has fed well without choosing a side.","يهلك فلامينيوس ومعظم جيشه بجانب البحيرة. تسمّي روما فابيوس ديكتاتوراً. وبين القصب الغارق، شبع مذبح لضريح الحديد دون أن ينحاز إلى أحد."
"The Barcid Road","طريق البرقيين"
"The Roman army is destroyed and the camps are taken, yet Rome refuses negotiation. So many dead lie on the plain that the Sepulcher's iron bells sound beneath the earth for seven nights.","دُمِّر الجيش الروماني وأُخذت المعسكرات، ومع ذلك ترفض روما التفاوض. من كثرة القتلى في السهل ظلّت أجراس الضريح الحديدية تُقرع تحت الأرض سبع ليالٍ."
"The Roman screen breaks and Scipio is carried from the field wounded. The Insubres see that Carthage can defeat Rome on Italian ground—but pale riders still haunt the abandoned ford.","ينكسر الستار الروماني ويُحمل سكيبيو جريحاً من الميدان. يرى الإنسوبريون أن قرطاج قادرة على هزيمة روما فوق تراب إيطاليا — لكن فرساناً شاحبين ما زالوا يجوبون المخاضة المهجورة."
"The column reaches the plain of the Po diminished but unbroken. Italy lies below, and fires answer from Gallic settlements. Behind you, the sealed shrine in the pass begins counting the dead.","يبلغ الرتل سهل البو منهكاً لكنه غير مكسور. تمتد إيطاليا في الأسفل، وتردّ النيران من مستوطنات الغال. وخلفك، يبدأ الضريح المختوم في الممر بعدّ الموتى."
"The ferries and supply road belong to Carthage. Scipio finds abandoned standards and cold cooking fires; Hannibal is already turning toward the mountains.","المعديات وطريق الإمداد صارت لقرطاج. لا يجد سكيبيو سوى رايات مهجورة ونيران طهي باردة؛ أما حنبعل فقد انعطف نحو الجبال."
"The last standards fall under an African sky. Rome and Carthage will remember the field differently; the Iron Sepulcher remembers only that both armies finally entered its reach.","تسقط آخر الرايات تحت سماء أفريقية. ستتذكر روما وقرطاج هذا الميدان على نحوين مختلفين؛ أما ضريح الحديد فلا يتذكر إلا أن الجيشين دخلا أخيراً في متناوله."
"The survivors flee toward Placentia through sleet and mud. Roman tents, grain, and weapons are captured; bodies beneath the ice rise only when nobody is watching.","يفرّ الناجون نحو بلاسنتيا عبر الصقيع والوحل. تُغنم الخيام والحبوب والأسلحة الرومانية؛ أما الأجساد تحت الجليد فلا تنهض إلا حين لا يراها أحد."
"Their commander is dead. The host breaks and its camps stand empty.","مات قائدهم. تتفكك الحشود وتخلو معسكراتها."
"%1 has lost its commander. The host breaks and its camps stand empty.","فقد %1 قائده. تتفكك الحشود وتخلو معسكراتها."
"Quintus Fabius Maximus","كوينتوس فابيوس مكسيموس"
"Rome's delaying strategist who preserves armies through discipline and staying power.","استراتيجي روما المماطل، يحفظ الجيوش بالانضباط وطول النَّفَس."
"A campaign and scenario commander; never produced from a barracks.","قائد حملات وسيناريوهات؛ لا يُنتَج من ثكنة أبداً."
"Heavy spear commander who anchors a disciplined battle line.","قائد رماح ثقيلة يثبّت خط قتال منضبطاً."
"Boosts nearby troop endurance and slows collapse in grind fights.","يعزز جَلَد القوات القريبة ويبطّئ الانهيار في معارك الاستنزاف."
"Lower offensive pressure and weaker pursuit potential.","ضغط هجومي أقل وقدرة مطاردة أضعف."
"Fabian Endurance keeps nearby cohorts in line for prolonged fighting.","«جَلَد فابيوس» يبقي الكتائب القريبة متماسكة في القتال الطويل."
"Rally of Patience stabilizes wavering lines during attritional combat.","«نداء الصبر» يثبّت الخطوط المتذبذبة أثناء قتال الاستنزاف."
"If killed or wounded, nearby allies lose confidence and the aura shuts off.","إن قُتل أو جُرح، فقد الحلفاء القريبون ثقتهم وانطفأت الهالة."
"Publius Cornelius Scipio","بوبليوس كورنيليوس سكيبيو"
"Aggressive Roman consul focused on decisive strikes and tactical initiative.","قنصل روماني هجومي يركّز على الضربات الحاسمة وزمام المبادرة التكتيكية."
"Sword-and-shield infantry commander who leads close behind the main assault line.","قائد مشاة بالسيف والترس يقود من خلف خط الاقتحام الرئيسي مباشرة."
"Improves nearby offensive output and enables sharper counter-pushes.","يحسّن القدرة الهجومية القريبة ويتيح هجمات مضادة أشد."
"More vulnerable if isolated away from supporting infantry.","أكثر عرضة للخطر إن انعزل بعيداً عن المشاة المساندة."
"Consular Assault boosts nearby legion attack tempo.","«الاقتحام القنصلي» يرفع وتيرة هجوم الفيلق القريب."
"Consular Rally rapidly restores morale to wavering assault cohorts.","«النداء القنصلي» يعيد المعنويات سريعاً إلى كتائب الاقتحام المتذبذبة."
"Death of the consul causes a severe morale shock to nearby Romans.","موت القنصل يوقع صدمة معنوية شديدة بالرومان القريبين."
"Marcus Claudius Marcellus","ماركوس كلوديوس مارتشيلوس"
"Roman field commander known for fast shock actions and relentless pressure.","قائد ميداني روماني معروف بضربات الصدم السريعة والضغط المتواصل."
"Lightly armored bow commander who supports aggressive vanguard action.","قائد رماية خفيف التدريع يساند عمل الطليعة الهجومي."
"Raises maneuver speed for nearby troops, enabling faster local redeployment.","يرفع سرعة مناورة القوات القريبة، فيتيح إعادة انتشار محلية أسرع."
"Lower staying power than other Roman commanders.","قدرة على الصمود أقل من سائر القادة الرومان."
"Vanguard Tempo accelerates nearby infantry movement and line repositioning.","«إيقاع الطليعة» يسرّع حركة المشاة القريبة وإعادة تموضع الخط."
"Vanguard Rally snaps wavering attackers back into coherent motion.","«نداء الطليعة» يعيد المهاجمين المتذبذبين إلى حركة متماسكة."
"If Marcellus falls, nearby attackers suffer immediate morale drop.","إن سقط مارتشيلوس، هبطت معنويات المهاجمين القريبين فوراً."
"Hanno the Great","حنون العظيم"
"Bronze-spear commander coordinating disciplined mercenary infantry.","قائد الرمح البرونزي ينسّق مشاة مرتزقة منضبطة."
"Mediocre direct combat impact and risky if exposed.","أثر متواضع في القتال المباشر، ومجازفة إن انكشف."
"Treasury Rally restores wavering troops and keeps formations from breaking.","«نداء الخزينة» يعيد القوات المتذبذبة ويمنع التشكيلات من الانكسار."
"Death triggers contract panic, reducing confidence in nearby troops.","موته يثير ذعر العقود، فتقلّ ثقة القوات القريبة."
"Hasdrubal Barca","حصدربعل برقا"
"Mobile Carthaginian field commander built around decisive flanking momentum.","قائد ميداني قرطاجي متحرك، مبني على زخم الالتفاف الحاسم."
"Fast bow commander built around flanking pressure and withdrawal.","قائد رماية سريع مبني على ضغط الأجنحة والانسحاب."
"Increases nearby unit speed for coordinated flanks and withdrawals.","يزيد سرعة الوحدات القريبة لالتفافات وانسحابات منسّقة."
"Less resilient in prolonged frontal attrition.","أقل صموداً في الاستنزاف الأمامي الطويل."
"Barcid Maneuver grants nearby troops superior movement control.","«مناورة البرقيين» تمنح القوات القريبة تحكّماً فائقاً في الحركة."
"Flank Rally rapidly restores wavering units preparing to maneuver.","«نداء الجناح» يعيد سريعاً الوحدات المتذبذبة المتأهبة للمناورة."
"Loss of Hasdrubal sharply drops morale among nearby mobile forces.","فقدان حصدربعل يهوي بمعنويات القوات المتحركة القريبة."
"Hannibal Barca","حنبعل برقا"
"Carthage's premier battlefield commander from the Hannibal campaign.","قائد قرطاج الأول في ساحة المعركة، من حملة حنبعل."
"Elite sword commander with an iconic standard and sacred-band armor.","قائد سيف نخبوي براية شهيرة ودرع الكتيبة المقدسة."
"Delivers a strong nearby attack bonus and elite crisis rally response.","يمنح زيادة هجوم قوية في محيطه واستجابة نخبوية عند الأزمات."
"High-value target; losing him causes severe local collapse.","هدف عالي القيمة؛ فقدانه يسبب انهياراً محلياً شديداً."
"Hannibalic Offensive amplifies nearby attack power before decisive engagements.","«الهجوم الحنبعلي» يضاعف قوة الهجوم القريبة قبل الاشتباكات الحاسمة."
"Supreme Rally restores routing or wavering units to fighting order.","«النداء الأعلى» يعيد الوحدات المنهزمة أو المتذبذبة إلى نظام القتال."
"If Hannibal is killed or wounded, nearby allied morale takes a heavy shock and aura ends.","إن قُتل حنبعل أو جُرح، تلقّت معنويات الحلفاء القريبين صدمة ثقيلة وانتهت الهالة."
"Nearby allied spearmen regenerate health fastest inside the aura.","رماحة الحلفاء القريبون يستعيدون الصحة بأسرع وتيرة داخل الهالة."
"Bracing Thrust","الطعنة الثابتة"
"Nearby allied swordsmen gain the most bonus damage in aura range.","سيّافة الحلفاء القريبون ينالون أكبر ضرر إضافي في مدى الهالة."
"Consular Riposte","الردّ القنصلي"
"Nearby allied archers move fastest while in aura range.","رماة الحلفاء القريبون يتحركون بأسرع وتيرة داخل مدى الهالة."
"Point-blank Volley","رشقة من مسافة صفر"
"Carthaginian phalanx commander who holds ground with hired spear levies.","قائد كتيبة قرطاجي يثبّت الأرض بحشود رماحة مأجورة."
"Keeps a braced spear line standing far longer than it should.","يبقي خط الرماح المشرَّع صامداً أطول بكثير مما ينبغي."
"Contract Discipline knits nearby spear levies into an unbroken hedge.","«انضباط العقد» ينسج حشود الرماحة القريبة سياجاً لا ينفرط."
"Nearby allied spearmen recover health fastest inside the aura.","رماحة الحلفاء القريبون يستردّون الصحة بأسرع وتيرة داخل الهالة."
"Phalanx Sweep","كسحة الكتيبة"
"Nearby allied archers gain the most movement speed in aura range.","رماة الحلفاء القريبون ينالون أكبر زيادة في سرعة الحركة داخل مدى الهالة."
"Hunting Shot","رمية الصيد"
"Nearby allied swordsmen gain substantial attack damage in aura range.","سيّافة الحلفاء القريبون ينالون ضرر هجوم كبيراً في مدى الهالة."
"Encircling Cut","الضربة المطوِّقة"
"Iron and Ember","حديد وجمر"
"Scale %1×  ·  %2  ·  colour vision: %3","المقياس %1×  ·  %2  ·  رؤية الألوان: %3"
"reduced motion","حركة مخفَّضة"
"full motion","حركة كاملة"
"Buttons","الأزرار"
"Primary","أساسي"
"Secondary","ثانوي"
"Destructive","تدميري"
"Disabled","معطّل"
"Unavailable in this state","غير متاح في هذه الحالة"
"Search","بحث"
"Selected","محدَّد"
"Orders","الأوامر"
"Attack","هجوم"
"Guard","حراسة"
"Patrol","دورية"
"Rally","تجميع"
"Build","بناء"
"Build is only available to builders","البناء متاح للبنّائين فقط"
"Faction skins","مظاهر الفصائل"
"Selection","التحديد"
"Roman Spearmen ×24","رماحة رومان ×24"
"Defense formation","تشكيل دفاعي"
"Spearmen","الرماحة"
"Archers","الرماة"
"Inputs","المدخلات"
"Balanced","متوازن"
"Aggressive","هجومي"
"Defensive","دفاعي"
"Reduced motion","حركة مخفَّضة"
"Collapses transitions to an instant state change","يختصر الانتقالات إلى تغيّر فوري في الحالة"
"Objectives","الأهداف"
"Capture the eastern barracks","استولِ على الثكنة الشرقية"
"Hold the ford until dusk","اثبت عند المخاضة حتى الغسق"
"Do not lose the commander","لا تفقد القائد"
"Take no losses","لا تتكبّد أي خسائر"
"Notification priorities","أولويات الإشعارات"
"Commander under attack","القائد تحت الهجوم"
"Eastern approach, 3 hostiles","المدخل الشرقي، 3 معادين"
"Barracks destroyed","دُمِّرت الثكنة"
"Spearmen ready","الرماحة جاهزون"
"Supply route restored","أُعيد فتح طريق الإمداد"
"Unit activities","أنشطة الوحدات"
"Press a key or click a mouse button. Backspace clears it, Esc cancels.","اضغط مفتاحاً أو زر فأرة. مفتاح المسافة للخلف يمسحه، وEsc يلغي."
"Select a command to rebind it.","اختر أمراً لإعادة تعيينه."
"Reset all","إعادة تعيين الكل"
"Every binding is already at its default.","كل تعيين هو أصلاً على قيمته الافتراضية."
"%1 is already used by %2.","%1 مستخدم بالفعل من قِبل %2."
"Use it here anyway","استخدمه هنا على أي حال"
"Keep as it is","أبقِه كما هو"
"Taking it leaves the other command unbound.","أخذه يترك الأمر الآخر بلا تعيين."
"Conflicts with %1","يتعارض مع %1"
"Press a key…","اضغط مفتاحاً…"
"Unbound","بلا تعيين"
"Default","افتراضي"
"This binding is already the default.","هذا التعيين هو الافتراضي أصلاً."
"Standard","قياسي"
"Iron and Ember","حديد وجمر"
"Roman Republic","الجمهورية الرومانية"
"Senatus Populusque Romanus","Senatus Populusque Romanus"
"Carthage","قرطاج"
"Qart-Ḥadašt","قرت حدشت"
"Iron Sepulcher","ضريح الحديد"
"The watch does not sleep","الحرس لا ينام"
"No units selected.","لم تُحدَّد أي وحدة."
"No units eligible for formation placement.","لا توجد وحدات مؤهلة للانتشار في تشكيل."
"This doctrine has no template for the chosen formation.","لا يملك هذا المذهب قالباً للتشكيل المختار."
"No part of this formation fits on the chosen ground.","لا يتسع أي جزء من هذا التشكيل على الأرض المختارة."
"Faction Default","افتراضي الفصيل"
"Line","خط"
"Column","رتل"
"Defensive","دفاعي"
"Assault","اقتحام"
"Encirclement","تطويق"
"Siege Escort","مرافقة الحصار"
"Neutral","محايد"
"Roman Republic","الجمهورية الرومانية"
"Requires at least one siege engine in the selection.","يتطلب آلة حصار واحدة على الأقل ضمن التحديد."
"Requires cavalry or mounted troops to close the encirclement.","يتطلب فرساناً أو قوات راكبة لإطباق التطويق."
"Carthage","قرطاج"
"The Iron Sepulcher","ضريح الحديد"
"%1 has no template for this intent.","لا يملك %1 قالباً لهذا الغرض."
"The selection lacks the troop types this formation needs.","ينقص التحديدَ أنواعُ القوات التي يحتاجها هذا التشكيل."
"Encirclement needs at least three units.","التطويق يحتاج ثلاث وحدات على الأقل."
"Forming up","يتشكّل"
"Formed","متشكّل"
"Disrupted","مضطرب"
"Breaking","ينكسر"
"The deployment this faction fights in by default. No setup needed.","الانتشار الذي يقاتل به هذا الفصيل افتراضياً. لا يحتاج إعداداً."
"Widest frontage. Best for meeting an advance head on.","أوسع جبهة. الأفضل لملاقاة تقدّم وجهاً لوجه."
"Narrow and deep. Best for moving through gates and passes.","ضيق وعميق. الأفضل للعبور من البوابات والممرات."
"Compressed frontage with reserves. Best for holding ground.","جبهة مضغوطة مع احتياطي. الأفضل للثبات على الأرض."
"Weighted front with skirmishers ahead. Best for breaking a line.","جبهة مثقلة مع مناوشين في المقدمة. الأفضل لكسر خط."
"Wide flanks that close around a target. Needs cavalry.","أجنحة واسعة تُطبق على هدف. يحتاج فرساناً."
"Engines protected behind infantry. Needs a siege engine.","آلات محميّة خلف المشاة. يحتاج آلة حصار."
"Frontage","عرض الجبهة"
"Narrow","ضيق"
"Balanced","متوازن"
"Wide","واسع"
"Depth","العمق"
"Shallow","ضحل"
"Deep","عميق"
"Spacing","التباعد"
"Tight","متقارب"
"Normal","عادي"
"Loose","متباعد"
"Left","يسار"
"Split","مقسوم"
"Right","يمين"
"None","بلا"
"One row","صف واحد"
"Two rows","صفّان"
"Mixed armies","جيوش مختلطة"
"By role","حسب الدور"
"Separate contingents","فرق منفصلة"
"Doctrine","المذهب"
"Reset to faction default","الرجوع إلى افتراضي الفصيل"
"%1 m","%1 م"
"Choose a formation","اختر تشكيلاً"
"%1 · %2 units","%1 · %2 وحدة"
"Shape","الشكل"
"%1 × %2","%1 × %2"
"In place","في موضعه"
"%1 position(s) nudged to fit the ground.","أُزيح %1 من المواضع لتناسب الأرض."
"Drag on the ground to set width and facing.","اسحب على الأرض لتحديد العرض والاتجاه."
"Click to deploy · Wheel to turn · Ctrl+wheel for depth · Right-click or Esc to cancel","انقر للنشر · العجلة للدوران · Ctrl+العجلة للعمق · النقر الأيمن أو Esc للإلغاء"
"Hide fine tuning","إخفاء الضبط الدقيق"
"Fine tuning","الضبط الدقيق"
"How wide the deployment spreads before it starts adding ranks behind.","إلى أي عرض ينتشر التشكيل قبل أن يبدأ بإضافة صفوف خلفه."
"How many ranks stand behind the front. Deeper hits harder but covers less ground.","كم صفاً يقف خلف الجبهة. الأعمق يضرب أقوى لكنه يغطي أرضاً أقل."
"The gap between units. Tight holds shape better; loose loses less to area attacks.","الفجوة بين الوحدات. المتقارب يحفظ الشكل أفضل؛ والمتباعد يخسر أقل أمام الهجمات المساحية."
"Which wing the cavalry weights. Split puts an equal body on each wing.","أي جناح تثقله الفرسان. المقسوم يضع قوة متساوية على كل جناح."
"Cavalry wing","جناح الفرسان"
"Where archers and slingers stand. Skirmish sends them out ahead and pulls them back on contact.","أين يقف الرماة والمقلاعيون. المناوشة ترسلهم إلى الأمام وتسحبهم عند الاشتباك."
"Missile troops","قوات الرمي"
"In front","في المقدمة"
"Behind","في المؤخرة"
"Skirmish ahead","مناوشة في المقدمة"
"Rows held back from the fighting line to plug gaps.","صفوف تُبقى خلف خط القتال لسدّ الثغرات."
"Reserve rows","صفوف الاحتياط"
"Doctrine decides","المذهب يقرّر"
"Reform is faster and copes with chokepoints. Maintain keeps the shape on the march but moves slower.","إعادة التشكيل أسرع وتتعامل مع المضائق. أما الحفاظ فيُبقي الشكل أثناء الزحف لكنه أبطأ."
"On the march","أثناء الزحف"
"Reform on arrival","أعد التشكيل عند الوصول"
"Hold the shape","حافظ على الشكل"
"How a selection drawn from several factions is arranged.","كيف يُرتَّب تحديد مأخوذ من عدة فصائل."
"Follow the commander","اتبع القائد"
"Follow the majority","اتبع الأغلبية"
"Sorting groups the same troop types together. Keeping the order leaves each unit where it already stands in the line.","الفرز يجمع أنواع القوات المتماثلة معاً. وحفظ الترتيب يترك كل وحدة حيث تقف أصلاً في الخط."
"Slot order","ترتيب المواضع"
"Sort by type","افرز حسب النوع"
"Keep current order","احفظ الترتيب الحالي"
"Which drill book shapes the deployment. Automatic follows the troops you selected.","أي دليل تدريب يشكّل الانتشار. التلقائي يتبع القوات التي حددتها."
"Formed","متشكّل"
"Disrupted","مضطرب"
"Breaking","ينكسر"
"Forming up","يتشكّل"
"The line is holding its shape and takes reduced damage.","الخط يحافظ على شكله ويتلقى ضرراً أقل."
"The line has come apart and is taking extra damage. Re-issue the formation order to reform.","تفكك الخط وصار يتلقى ضرراً إضافياً. أعد إصدار أمر التشكيل لإعادة تنظيمه."
"The formation is breaking up.","التشكيل آخذ في التفكك."
"Units are still moving into their slots.","الوحدات ما زالت تتجه إلى مواضعها."
"Cohesion %1%","التماسك %1%"
"%1 units","%1 وحدة"
"Selection spans several formations.","التحديد يشمل عدة تشكيلات."
"%1 slot(s) blocked by terrain.","%1 من المواضع تحجبها التضاريس."
"Standard of Iron — Iron and Ember Gallery","Standard of Iron — معرض الحديد والجمر"
"Scale","المقياس"
"Reduce motion","تقليل الحركة"
"High contrast","تباين عالٍ"
"Reset","إعادة تعيين"
"Iron and Ember — every control the product may use","الحديد والجمر — كل عنصر تحكم قد يستخدمه المنتج"
"Cannot save: empty slot name","تعذّر الحفظ: اسم الخانة فارغ"
"Save service is shutting down","خدمة الحفظ قيد الإغلاق"
"Queued","في الطابور"
"Serializing world","جارٍ تسلسل العالم"
"Compressing","جارٍ الضغط"
"Writing","جارٍ الكتابة"
"Exception while saving: %1","استثناء أثناء الحفظ: %1"
"Save cancelled","أُلغي الحفظ"
"Done","تم"
"Save storage unavailable","مخزن الحفظ غير متاح"
"Save slot '%1' is corrupted: %2","خانة الحفظ «%1» تالفة: %2"
"Exception while loading save '%1': %2","استثناء أثناء تحميل الحفظ «%1»: %2"
"Cannot write '%1': %2","تعذّرت الكتابة إلى «%1»: %2"
"Failed to write '%1': %2","فشلت الكتابة إلى «%1»: %2"
"Cannot read '%1': %2","تعذّرت قراءة «%1»: %2"
"wood","خشب"
"stone","حجر"
"iron","حديد"
"Maximum troop limit reached. Cannot produce more units.","بلغت الحد الأقصى للقوات. لا يمكن إنتاج وحدات أخرى."
"Not enough manpower. Build homes or wait for families.","لا تكفي القوى البشرية. ابنِ مساكن أو انتظر قدوم العائلات."
"Select your marketplace to trade.","اختر سوقك للتجارة."
"Marketplace can trade only wood, stone, or iron.","السوق لا يتاجر إلا بالخشب أو الحجر أو الحديد."
"Not enough gold to buy %1.","لا يكفي الذهب لشراء %1."
"Not enough %1 to sell.","لا يكفي %1 للبيع."
"Campaign manager not initialized","مدير الحملة غير مهيّأ"
"Failed to load mission","فشل تحميل المهمة"
"Failed to load mission preview: %1","فشل تحميل معاينة المهمة: %1"
"Cannot start skirmish: renderer not initialized","تعذّر بدء المناوشة: محرك العرض غير مهيّأ"
"Save: not initialized","الحفظ: غير مهيّأ"
"A save is already in progress","هناك عملية حفظ جارية بالفعل"
"Queued","في الطابور"
"Cancelling...","جارٍ الإلغاء..."
"Load: not initialized","التحميل: غير مهيّأ"
"Cannot play replay: %1","تعذّر تشغيل الإعادة: %1"
"Cannot play replay: unknown launch kind '%1'","تعذّر تشغيل الإعادة: نوع تشغيل غير معروف «%1»"
"%1/%2 walls  •  %3 wood","%1/%2 من الأسوار  •  %3 خشب"
"Enemy target","هدف معادٍ"
"Cannot attack ally","لا يمكن مهاجمة حليف"
"Cannot attack this target","لا يمكن مهاجمة هذا الهدف"
"Selection cannot attack","التحديد لا يستطيع الهجوم"
"In range","ضمن المدى"
"Too close","قريب جداً"
"Out of range","خارج المدى"
"No firing line","لا خط رماية"
"Attack","هجوم"
"Select troops first","حدّد القوات أولاً"
"Guard","حراسة"
"Patrol","دورية"
"Stop","توقّف"
"Hold","اثبت"
"No troops selected","لم تُحدَّد أي قوات"
"Orders ready","الأوامر جاهزة"
"Attack order","أمر هجوم"
"Guard order","أمر حراسة"
"Patrol order","أمر دورية"
"Medic order","أمر إسعاف"
"Engineer order","أمر هندسة"
"Collection order","أمر جمع"
"Barracks delivery","التوصيل إلى الثكنة"
"Formation order","أمر تشكيل"
"Rally order","أمر تجميع"
"Stop command","أمر التوقف"
"Attack enemy units or buildings. Only eligible selected troops receive the order.","هاجم وحدات العدو أو مبانيه. لا يتلقى الأمر إلا القوات المحددة المؤهلة."
"Attack is not available for the current selection","الهجوم غير متاح للتحديد الحالي"
"Guard a position. Only guard-capable troops receive the order.","احرس موقعاً. لا يتلقى الأمر إلا القوات القادرة على الحراسة."
"Guard is not available for the current selection","الحراسة غير متاحة للتحديد الحالي"
"Patrol between waypoints.","سِر دورية بين نقاط المسار."
"Patrol is not available for the current selection","الدورية غير متاحة للتحديد الحالي"
"Medic","إسعاف"
"Healers tend nearby allies on their own.","المعالجون يداوون الحلفاء القريبين من تلقاء أنفسهم."
"Healers automatically heal nearby allies. This is passive, not a manual order.","المعالجون يداوون الحلفاء القريبين تلقائياً. هذا سلوك تلقائي لا أمر يدوي."
"Select healer units","حدّد وحدات المعالجين"
"Stop all actions immediately.","أوقف كل الأفعال فوراً."
"Hold position and defend.","اثبت في الموضع ودافع."
"Hold is not available for the current selection","الثبات غير متاح للتحديد الحالي"
"Build","بناء"
"Open builder orders and place structures.","افتح أوامر البنّاء وضع الأبنية."
"Build is only available to builders","البناء متاح للبنّائين فقط"
"Collect","اجمع"
"Click a tree, boulder or ore deposit. Right-click to cancel.","انقر على شجرة أو صخرة أو منجم خام. النقر الأيمن للإلغاء."
"Collect is only available to builders","الجمع متاح للبنّائين فقط"
"Deliver","أوصِل"
"Click a friendly barracks. Only selected civilians receive the order.","انقر على ثكنة صديقة. لا يتلقى الأمر إلا المدنيون المحددون."
"Deliver is only available to civilians","التوصيل متاح للمدنيين فقط"
"Rally","تجميع"
"The commander plants a rally flag; troops march to it once placed.","يغرس القائد راية تجميع؛ وتزحف القوات إليها بمجرد وضعها."
"Select a commander to use rally","حدّد قائداً لاستخدام التجميع"
"Gate","بوابة"
"Cycle the selected gates: automatic, held open, held shut.","بدّل حالة البوابات المحددة: تلقائية، مفتوحة دائماً، مغلقة دائماً."
"Select one of your gates to control it","حدّد إحدى بواباتك للتحكم بها"
"Aura","هالة"
"Temporarily empower nearby troops. A glow marks every affected soldier.","عزّز القوات القريبة مؤقتاً. يميّز وهجٌ كل جندي متأثر."
"Select a ready commander to activate the aura","حدّد قائداً جاهزاً لتفعيل الهالة"
"Repair order","أمر إصلاح"
"Auto Gather","جمع تلقائي"
"Builders keep finding and collecting the nearest resource on their own. Any new order cancels it.","يواصل البنّاؤون البحث عن أقرب مورد وجمعه من تلقاء أنفسهم. وأي أمر جديد يلغي ذلك."
"Auto Gather is only available to builders","الجمع التلقائي متاح للبنّائين فقط"
"Repair","أصلِح"
"Click a damaged building of yours. Right-click to cancel.","انقر على مبنى متضرر من مبانيك. النقر الأيمن للإلغاء."
"Repair is only available to builders","الإصلاح متاح للبنّائين فقط"
"Commander","القائد"
"Commander unavailable","القائد غير متاح"
"Choose destination","اختر الوجهة"
"Planting flag","يغرس الراية"
"Moving commander","ينقل القائد"
"Flag active","الراية فاعلة"
"Ready","جاهز"
"Left-click a destination to confirm the rally flag.","انقر بالزر الأيسر على وجهة لتأكيد راية التجميع."
"The commander is planting the flag. Interruptions will cancel the rally.","القائد يغرس الراية. أي مقاطعة ستلغي التجميع."
"The commander is marching to the chosen point before planting the flag.","القائد يزحف إلى النقطة المختارة قبل غرس الراية."
"Troops have already received a normal move order to this rally flag.","تلقت القوات أصلاً أمر تحرك عادياً نحو راية التجميع هذه."
"Choose a destination, march there, plant the flag, then order all controllable troops there.","اختر وجهة، وازحف إليها، واغرس الراية، ثم مُر كل القوات القابلة للسيطرة بالتوجه إليها."
"Cancel Rally Placement","إلغاء وضع التجميع"
"Rally In Progress","التجميع جارٍ"
"Reposition Rally [R]","نقل التجميع [R]"
"Place Rally [R]","وضع التجميع [R]"
"Vanguard Rush","اندفاعة الطليعة"
"Explode forward into the focused enemy and open a punish.","انفجر إلى الأمام في العدو المستهدَف وافتح فرصة عقاب."
"Second Wind","النفَس الثاني"
"Recover posture and stamina, then steady yourself for the next exchange.","استعد اتزانك وجَلَدك، ثم تهيّأ للتبادل التالي."
"Shield Bash","ضربة الترس"
"Guard-gated stagger burst that punishes enemies crowding your front.","دفعة إرباك مشروطة بالحراسة تعاقب الأعداء المحتشدين أمامك."
"Command Aura","هالة القيادة"
"Temporarily empower nearby troops. A glow marks every affected soldier.","عزّز القوات القريبة مؤقتاً. يميّز وهجٌ كل جندي متأثر."
"Disconnected","منقطع"
"Guard broken","انكسرت الحراسة"
"Punish window","نافذة العقاب"
"Sprinting","يعدو"
"Steady","ثابت"
"COMMANDER","القائد"
"Frontline command","قيادة الخط الأمامي"
"Aura active","الهالة فاعلة"
"Aura ready","الهالة جاهزة"
"Aura cooling","الهالة تبرد"
"HP %1/%2","الصحة %1/%2"
"STM %1%","الجَلَد %1%"
"Stable","مستقر"
"Posture","الاتزان"
"Chase","مطاردة"
"State: %1","الحالة: %1"
"Perfect guard live","الحراسة المثالية فاعلة"
"Finisher primed","الضربة القاضية مهيّأة"
"Aura %1","الهالة %1"
"empowers nearby troops","تعزّز القوات القريبة"
"is recovering","تستعيد قدرتها"
"Camera: %1","الكاميرا: %1"
"ORDERS","الأوامر"
"ABILITIES","القدرات"
"Rally","تجميع"
"Command Aura Active · %1s","هالة القيادة فاعلة · %1 ث"
"Activate Command Aura [3]","تفعيل هالة القيادة [3]"
"Command Aura · %1s cooldown","هالة القيادة · تبريد %1 ث"
"Temporarily empower nearby troops. Every affected soldier receives a visible glow.","عزّز القوات القريبة مؤقتاً. يحصل كل جندي متأثر على وهج مرئي."
"Combo","سلسلة"
"%1 [%2]","%1 [%2]"
"COMBAT CONTROLS","أدوات التحكم القتالية"
"[LMB] Strike  [RMB] Guard","[الزر الأيسر] ضربة  [الزر الأيمن] حراسة"
"[Space] Dodge  [Alt] Jump","[مسافة] مراوغة  [Alt] قفز"
"[WASD] Move  [Shift] Sprint","[WASD] حركة  [Shift] عَدْو"
"[Tab] Cycle Target  [3] Aura  [C] Camera","[Tab] تبديل الهدف  [3] الهالة  [C] الكاميرا"
"[R] Rally Orders  [Enter] Return to RTS","[R] أوامر التجميع  [Enter] العودة إلى وضع RTS"
"[F] Bash  [1] Rush  [2] Second Wind","[F] ضربة الترس  [1] اندفاعة  [2] النفَس الثاني"
"[Tab] Target  [1] Rush  [2] Second Wind  [3] Aura  [F] Bash","[Tab] الهدف  [1] اندفاعة  [2] النفَس الثاني  [3] الهالة  [F] ضربة الترس"
"[R] Place Rally  [C] Camera  [Enter] Return to RTS","[R] وضع التجميع  [C] الكاميرا  [Enter] العودة إلى وضع RTS"
"Rally autopilot engaged until the flag is planted","الطيار الآلي للتجميع مفعَّل حتى تُغرس الراية"
"Combat HUD synced for close-quarters command","واجهة القتال متزامنة للقيادة في الاشتباك القريب"
"First-person command engaged","تم تفعيل القيادة بمنظور الشخص الأول"
"The aura is not ready yet.","الهالة ليست جاهزة بعد."
"MINIMAP","الخريطة المصغّرة"
"[You]","[أنت]"
"Resume","استئناف"
"Pause","إيقاف مؤقت"
"Resume the battle to change speed","استأنف المعركة لتغيير السرعة"
"Follow the selection with the camera","تتبّع التحديد بالكاميرا"
"Reset the camera","إعادة ضبط الكاميرا"
"SPECTATOR","مُشاهِد"
"Watching a CPU-only match. You cannot issue commands.","أنت تشاهد مباراة بين الحاسوب فقط. لا يمكنك إصدار أوامر."
"Population","التعداد"
"Human players","اللاعبون البشر"
"AI players","لاعبو الذكاء الاصطناعي"
"Enemies defeated","الأعداء المهزومون"
"Minimap","الخريطة المصغّرة"
"(%1/%2)","(%1/%2)"
"Unbound","بلا تعيين"
"Mouse Left","زر الفأرة الأيسر"
"Mouse Right","زر الفأرة الأيمن"
"Mouse Middle","زر الفأرة الأوسط"
"Mouse Back","زر الفأرة للخلف"
"Mouse Forward","زر الفأرة للأمام"
"%1 of %2","%1 من %2"
"Pick a target","اختر هدفاً"
"OK","موافق"
"Battle Report","تقرير المعركة"
"The Campaign is Won","تم كسب الحملة"
"Victory Secured","تحقق النصر"
"Army Broken","تحطّم الجيش"
"Every mission has fallen to your standard.","سقطت كل مهمة تحت رايتك."
"Enemy command has fallen.","سقطت قيادة العدو."
"Your command has collapsed.","انهارت قيادتك."
"Search","بحث"
"Selected units","الوحدات المحددة"
"SELECTION","التحديد"
"SELECTED UNIT","الوحدة المحددة"
"SELECTED FORCE","القوة المحددة"
"%1 soldiers ready","%1 جندياً جاهزون"
"1 unit","وحدة واحدة"
"%1 units","%1 وحدة"
"%1 units  ·  %2 types","%1 وحدة  ·  %2 نوعاً"
"Drag a box over your troops, or click a unit","اسحب مستطيلاً فوق قواتك، أو انقر على وحدة"
"HEALTH","الصحة"
"%1%","%1%"
"STAMINA","الجَلَد"
"%1 wounded","%1 جريحاً"
"(mixed)","(مختلط)"
"Map load failed: %1","فشل تحميل الخريطة: %1"
"Prewarming templates: scanning unit profiles...","تسخين القوالب: جارٍ فحص ملفات الوحدات..."
"Prewarming templates: %1 / %2","تسخين القوالب: %1 / %2"
"Queued deferred template warmup (%1 additional)","أُدرج تسخين القوالب المؤجل في الطابور (%1 إضافية)"
"Template warmup complete (%1 core, %2 total)","اكتمل تسخين القوالب (%1 أساسية، %2 إجمالاً)"
"Template warmup cancelled","أُلغي تسخين القوالب"
"Load Game","تحميل لعبة"
"Cancel","إلغاء"
"No saves found","لم يُعثر على حفوظات"
"No Preview","لا معاينة"
"Load","تحميل"
"Delete","حذف"
"Confirm Delete","تأكيد الحذف"
"Are you sure you want to delete the save:\n""%1""?\n\nThis action cannot be undone.","هل تريد بالتأكيد حذف الحفظ:\n«%1»؟\n\nلا يمكن التراجع عن هذا الإجراء."
"%1h %2m","%1 س %2 د"
"%1m","%1 د"
"Campaign","الحملة"
"Skirmish","مناوشة"
"%1 - autosave","%1 - حفظ تلقائي"
"%1 - quicksave","%1 - حفظ سريع"
"%1 · %2","%1 · %2"
"Saved %1","حُفظت في %1"
"Played %1","لُعبت %1"
"Export","تصدير"
"Exported to %1","صُدّرت إلى %1"
"Export failed","فشل التصدير"
"Verify","تحقّق"
"Verification Passed","نجح التحقّق"
"Verification Failed","فشل التحقّق"
"""%1"" is intact. The save file has not been corrupted.","«%1» سليمة. لم يتلف ملف الحفظ."
"""%1"" is corrupted and cannot be loaded. The save failed its integrity check.","«%1» تالفة ولا يمكن تحميلها. لم يجتز الحفظ فحص السلامة."
"Import...","استيراد..."
"Save Verification","التحقّق من الحفظ"
"Import Save","استيراد حفظ"
"Save files found in the exports folder:","ملفات حفظ عُثر عليها في مجلد التصدير:"
"Import","استيراد"
"Imported as ""%1""","استُوردت باسم «%1»"
"Import failed","فشل الاستيراد"
"No importable save files were found.","لم يُعثر على ملفات حفظ قابلة للاستيراد."
"Untitled Save","حفظ بلا عنوان"
"Unknown Map","خريطة مجهولة"
"Pick a saved game first.","اختر لعبة محفوظة أولاً."
"Loading...","جارٍ التحميل..."
"Not Started","لم يبدأ"
"Initializing...","جارٍ التهيئة..."
"Loading Map Data...","جارٍ تحميل بيانات الخريطة..."
"Loading Terrain...","جارٍ تحميل التضاريس..."
"Loading Biome...","جارٍ تحميل الإقليم الحيوي..."
"Loading Water Features...","جارٍ تحميل المسطحات المائية..."
"Loading Roads...","جارٍ تحميل الطرق..."
"Loading Environment...","جارٍ تحميل البيئة..."
"Loading Fog...","جارٍ تحميل الضباب..."
"Loading Units & Buildings...","جارٍ تحميل الوحدات والمباني..."
"Loading Audio...","جارٍ تحميل الصوت..."
"Generating Minimap...","جارٍ توليد الخريطة المصغّرة..."
"Initializing Game Systems...","جارٍ تهيئة أنظمة اللعبة..."
"Finalizing...","جارٍ الإنهاء..."
"Complete","اكتمل"
"Failed","فشل"
"Unknown","مجهول"
"Standard of Iron - RTS Game","Standard of Iron - لعبة استراتيجية آنية"
"PAUSED","متوقفة مؤقتاً"
"Press Space to resume","اضغط المسافة للاستئناف"
"Error","خطأ"
"STANDARD OF IRON","STANDARD OF IRON"
"Save Game","حفظ اللعبة"
"Load Game","تحميل لعبة"
"Settings","الإعدادات"
"Exit","خروج"
"Play Skirmish","خُض مناوشة"
"Choose the field and deploy armies","اختر الميدان وانشر الجيوش"
"Battle","معركة"
"Campaign","الحملة"
"March through the Second Punic War","زحف عبر الحرب البونيقية الثانية"
"War Map","خريطة الحرب"
"Objectives","الأهداف"
"Review active orders","راجع الأوامر السارية"
"Orders","الأوامر"
"Record the current campaign state","سجّل حالة الحملة الراهنة"
"Archive","أرشيف"
"Return to a saved command","عُد إلى قيادة محفوظة"
"Return","عودة"
"Display, audio, and controls","العرض والصوت وأدوات التحكم"
"Options","خيارات"
"Leave the war table","غادر طاولة الحرب"
"Retire","انسحاب"
"Rome and Carthage at the edge of empire","روما وقرطاج على حافة الإمبراطورية"
"SECOND PUNIC WAR","الحرب البونيقية الثانية"
"Legions, fleets, elephants, and contested supply lines","فيالق وأساطيل وفيلة وخطوط إمداد متنازع عليها"
"SPQR","SPQR"
"QART-HADAST","قرت حدشت"
"Enter","Enter"
"Esc","Esc"
"Navigate","تنقّل"
"Confirm","تأكيد"
"Resume battle","استئناف المعركة"
"Hannibal Barca","حنبعل برقا"
"Scipio Africanus","سكيبيو الأفريقي"
"CARTHAGE","قرطاج"
"ROME","روما"
"Maps","الخرائط"
"No maps available","لا توجد خرائط متاحة"
"Map Preview","معاينة الخريطة"
"Player bases shown as colored circles","تظهر قواعد اللاعبين كدوائر ملوّنة"
"Select a map\nto see preview","اختر خريطة\nلعرض المعاينة"
"No preview available","لا تتوفر معاينة"
"Maps","الخرائط"
"No maps available","لا توجد خرائط متاحة"
"Loading maps...","جارٍ تحميل الخرائط..."
"► %1","◄ %1"
"Select a map to continue","اختر خريطة للمتابعة"
"Loading map details...","جارٍ تحميل تفاصيل الخريطة..."
"No Map Selected","لم تُحدَّد خريطة"
"Players","اللاعبون"
"• Click color/team to cycle","• انقر على اللون أو الفريق للتبديل"
"Player color: %1 - Click to change","لون اللاعب: %1 - انقر للتغيير"
"Color","لون"
"Team %1 - Click to change","الفريق %1 - انقر للتغيير"
"Team %1","الفريق %1"
"Remove player","إزالة اللاعب"
"+ Add CPU","+ إضافة حاسوب"
"Add AI opponent","إضافة خصم ذكاء اصطناعي"
"Back","رجوع"
"Return to main menu (Esc)","العودة إلى القائمة الرئيسية (Esc)"
"Play","ابدأ"
"Start game (Enter)","بدء اللعبة (Enter)"
"Roman Republic","الجمهورية الرومانية"
"Commander","القائد"
"• Click nation tag to change","• انقر على وسم الأمة للتغيير"
"Disable player (spectator mode)","تعطيل اللاعب (وضع المشاهدة)"
"Enable player","تفعيل اللاعب"
"Nation: %1 - Click to change","الأمة: %1 - انقر للتغيير"
"Nation","الأمة"
"Commander: %1 - Click to change","القائد: %1 - انقر للتغيير"
"Available Player Slots: %1","خانات اللاعبين المتاحة: %1"
"Select your player ID:","اختر معرّف لاعبك:"
"ID %1","المعرّف %1"
"All other slots will be CPU-controlled","ستتحكم الحاسوب بكل الخانات الأخرى"
"CPU will control: ID %1","سيتحكم الحاسوب بـ: المعرّف %1"
", ID","، المعرّف"
"Need at least 1 enabled player to start","يلزم لاعب مفعَّل واحد على الأقل للبدء"
"Need at least 2 enabled players to start","يلزم لاعبان مفعَّلان على الأقل للبدء"
"At least two teams must be selected to start a match","يجب اختيار فريقين على الأقل لبدء مباراة"
"Every slot on this map is taken","كل خانة في هذه الخريطة مشغولة"
"Player %1","اللاعب %1"
"CPU %1","الحاسوب %1"
"Player %1","اللاعب %1"
"AI Player %1","لاعب الذكاء الاصطناعي %1"
"Unnamed Map","خريطة بلا اسم"
"A balanced Mediterranean skirmish map set among olive groves, dry wadis, terraced hills, and dusty farm roads. Control of the center and side ridges helps, but victory is standard barracks elimination.","خريطة مناوشة متوسطية متوازنة بين بساتين الزيتون والأودية الجافة والتلال المدرَّجة ودروب المزارع المغبرّة. السيطرة على الوسط والحواف الجانبية تفيد، لكن النصر هو إبادة الثكنات المعتادة."
"A large balanced mountain skirmish map with two fortified bases, a contested central ridge, narrow high passes, flank trails, alpine streams, and strong archer positions. Victory is standard barracks elimination.","خريطة مناوشة جبلية واسعة ومتوازنة، بقاعدتين محصّنتين، وحافة وسطى متنازع عليها، وممرات عالية ضيقة، ودروب جانبية، وجداول ألبية، ومواضع رماية قوية. النصر هو إبادة الثكنات المعتادة."
"A rich strategic crossroads map with contested central bridges, neutral corner barracks, flank routes, and high ground around key crossings.","خريطة مفترق طرق استراتيجية غنية، بجسور وسطى متنازع عليها، وثكنات محايدة في الأركان، ومسارات جانبية، ومرتفعات حول المعابر الرئيسية."
"Battle of Cannae","معركة كانّاي"
"Battle of Lake Trasimene","معركة بحيرة تراسيميني"
"Battle of Ticino","معركة تيتشينو"
"Battle of Trebia","معركة تريبيا"
"Battle of Zama","معركة زاما"
"Campania Campaign","حملة كامبانيا"
"Crossing the Alps","عبور جبال الألب"
"Crossing the Rhone - Polished Maze Version","عبور الرون - نسخة المتاهة المنقّحة"
"Forest Battlefield","ميدان الغابة"
"Iron Sepulcher Watch","حراسة ضريح الحديد"
"Mountain Strongholds","معاقل الجبل"
"River Crossroads","مفترق النهر"
"Small authored scenario that demonstrates ruins, a shrine, and undead awakening zones.","سيناريو صغير مُعدّ يعرض أطلالاً ومزاراً ومناطق لصحوة الموتى."
"Spanish Olive Grove","بستان الزيتون الإسباني"
"A dense symmetrical forest battlefield for two active players, built around road reading, ambush forests, hill control, side objectives, and two neutral barracks. There are no rivers, bridges, or mountains. Roads deliberately route around hills instead of crossing over them.","ميدان غابات كثيف ومتناظر للاعبَين نشطين، مبني على قراءة الطرق، وأحراش الكمائن، والسيطرة على التلال، وأهداف جانبية، وثكنتين محايدتين. لا أنهار ولا جسور ولا جبال. وتلتف الطرق عمداً حول التلال بدل عبورها."
"Loading map…","جارٍ تحميل الخريطة…"
"Tilt -","إمالة -"
"Tilt +","إمالة +"
"Reset view","إعادة ضبط العرض"
"Control:","السيطرة:"
"Legend","مفتاح الرموز"
"Rome","روما"
"Carthage","قرطاج"
"Neutral","محايد"
"Mission Region","منطقة المهمة"
"Rhône","الرون"
"N. Italy","شمال إيطاليا"
"Trasimene","تراسيميني"
"Cannae","كانّاي"
"Zama","زاما"
"The Alps","جبال الألب"
"Campania","كامبانيا"
"S. Italy","جنوب إيطاليا"
"Arrows pan  ·  Drag to rotate  ·  Scroll or +/- to zoom  ·  Home resets","الأسهم للتحريك  ·  السحب للتدوير  ·  العجلة أو +/- للتقريب  ·  Home لإعادة الضبط"
"Suffete Command","قيادة الشوفيطين"
"Consular Command","القيادة القنصلية"
"Carthaginian High Command","القيادة القرطاجية العليا"
"Roman High Command","القيادة الرومانية العليا"
"Unknown","مجهول"
"Sealed","مختومة"
"In Progress","قيد التنفيذ"
"Rewards: Sealed until prior victories","المكافآت: مختومة حتى تتحقق الانتصارات السابقة"
"Rewards: Laurels Inscribed • Veteran Honors Claimed","المكافآت: أكاليل منقوشة • أوسمة المحاربين القدامى مُنحت"
"Rewards: Bronze Standard • Veteran Cohort","المكافآت: راية برونزية • كتيبة مخضرمة"
"Dispatch:","البلاغ:"
"Campaign Objectives (complete all):","أهداف الحملة (أنجزها كلها):"
"Campaign Objectives (complete any):","أهداف الحملة (أنجز أياً منها):"
"Campaign Objectives:","أهداف الحملة:"
"Complete mission objective","أنجز هدف المهمة"
"Optional:","اختياري:"
"Complete optional objective","أنجز الهدف الاختياري"
"Failure:","الإخفاق:"
"Avoid mission failure","تجنّب إخفاق المهمة"
"• Complete the mission successfully","• أنجز المهمة بنجاح"
"Army Composition:","تركيب الجيش:"
"Historical Ledger:","السجل التاريخي:"
"Casualties Forecast:","تقدير الخسائر:"
"Tactical Rating:","التقييم التكتيكي:"
"Campaign Success:","نجاح الحملة:"
"Opposition Command","قيادة الخصم"
"Field Command Pending","قيادة الميدان قيد التعيين"
"No named commander assigned to this force.","لم يُعيَّن قائد مسمّى لهذه القوة."
"Orders sealed until prior victories are secured.","الأوامر مختومة حتى تتحقق الانتصارات السابقة."
"Victory recorded. You may replay this engagement at will.","سُجِّل النصر. يمكنك إعادة خوض هذه المعركة متى شئت."
"Orders issued. Deploy when ready.","صدرت الأوامر. انشر قواتك عندما تجهز."
"Replay Mission","إعادة المهمة"
"Start Mission","بدء المهمة"
"Complete previous missions to unlock","أنجز المهام السابقة لفتحها"
"Locked","مقفلة"
"✓ Completed","✓ مكتملة"
"Apulian river plain","سهل أبوليا النهري"
"Campanian plain","سهل كامبانيا"
"Lakeside hill country","تلال ضفة البحيرة"
"Mountain","جبل"
"North African plain","سهل شمال أفريقيا"
"Po valley river plain","سهل وادي البو النهري"
"River valley","وادٍ نهري"
"Winter river plain","سهل نهري شتوي"
"✓ Archived","✓ مؤرشفة"
"Sealed","مختومة"
"Open Order","أمر مفتوح"
"Difficulty:","الصعوبة:"
"east","الشرق"
"west","الغرب"
"south","الجنوب"
"north","الشمال"
"southeast","الجنوب الشرقي"
"northeast","الشمال الشرقي"
"southwest","الجنوب الغربي"
"northwest","الشمال الغربي"
"Enemy","العدو"
"Assault phase %1/%2: %3 from the %4 (%5 units)","مرحلة الاقتحام %1/%2: %3 من %4 (%5 وحدة)"
"Wave %1/%2 forming to the %3: %4, roughly %5 troops. Brace.","الموجة %1/%2 تتشكّل في %3: %4، نحو %5 من المقاتلين. استعدّ."
"Wave %1/%2 broken. The line holds.","انكسرت الموجة %1/%2. الخط صامد."
"All %1 assault phases broken. Nothing else is coming.","انكسرت مراحل الاقتحام الـ%1 كلها. لن يأتي شيء آخر."
"Player %1","اللاعب %1"
"AI Player %1","لاعب الذكاء الاصطناعي %1"
"AI Wave %1","موجة الذكاء الاصطناعي %1"
"202 BC: Scipio arranged lanes through his infantry to blunt Hannibal's elephants, while Masinissa and Laelius commanded superior allied cavalry. The returning cavalry helped decide the battle. The Sepulcher intervention is the campaign's deliberate dark-fantasy break from history.","202 ق.م: رتّب سكيبيو ممرات بين مشاته لتحييد فيلة حنبعل، فيما قاد ماسينيسا ولاليوس فرساناً حلفاء متفوقين. وقد أسهمت عودة الفرسان في حسم المعركة. أما تدخّل الضريح فهو انفصال الحملة المتعمَّد عن التاريخ نحو الفانتازيا المظلمة."
"215-212 BC: Hannibal campaigned across Campania while Capua served as his principal Italian ally and winter base. This dark-fantasy composite condenses several Roman attempts to contain and isolate the Carthaginian army.","215-212 ق.م: خاض حنبعل حملته عبر كامبانيا، وكانت كابوا حليفته الإيطالية الرئيسية وقاعدته الشتوية. وهذا التركيب الفانتازي المظلم يختزل عدة محاولات رومانية لاحتواء الجيش القرطاجي وعزله."
"216 BC: beside the Aufidus, Hannibal's deliberately yielding center drew a much larger Roman infantry mass forward while African infantry attacked its flanks and Carthaginian cavalry closed the rear. Two Roman camps supported the army.","216 ق.م: بجانب نهر أوفيدوس، جذب قلبُ حنبعل المتراجع عمداً كتلةً رومانية من المشاة أكبر بكثير إلى الأمام، بينما هاجم المشاة الأفارقة جناحيها وأطبق الفرسان القرطاجيون على مؤخرتها. وكان معسكران رومانيان يسندان الجيش."
"217 BC: Hannibal drew Gaius Flaminius along the narrow northern shore of Lake Trasimene and attacked from concealed high ground in morning mist. The Roman marching column had little room to deploy and Flaminius was killed.","217 ق.م: استدرج حنبعل غايوس فلامينيوس على طول الشاطئ الشمالي الضيق لبحيرة تراسيميني، وهاجم من مرتفعات مخفية في ضباب الصباح. لم يجد الرتل الروماني الزاحف مجالاً للانتشار، وقُتل فلامينيوس."
"218 BC: Hannibal crossed the Alps with a multinational army, cavalry, baggage train, and surviving elephants. Ancient sources disagree on the route; this scenario combines contested passes and local attacks into one dark-fantasy ascent.","218 ق.م: عبر حنبعل جبال الألب بجيش متعدد الأمم وفرسان وقافلة أمتعة وما بقي من الفيلة. تختلف المصادر القديمة في المسار؛ وهذا السيناريو يجمع الممرات المتنازع عليها والهجمات المحلية في صعود واحد ذي طابع فانتازي مظلم."
"218 BC: Hannibal crossed the Rhône upstream from its mouth using boats, rafts, and a detached force sent across to turn local opposition. Scipio arrived too late; this altered history places Roman advance camps on the far-bank road to create the opening Carthage-versus-Rome engagement.","218 ق.م: عبر حنبعل نهر الرون أعلى مصبّه بالقوارب والأطواف وقوة منفصلة أُرسلت إلى الضفة الأخرى لتطويق المقاومة المحلية. ووصل سكيبيو متأخراً؛ وهذا التاريخ المُبدَّل يضع معسكرات رومانية متقدمة على طريق الضفة البعيدة ليصنع أول اشتباك بين قرطاج وروما."
"218 BC: the Ticinus was primarily a cavalry engagement between reconnaissance forces. Roman consul Publius Cornelius Scipio was wounded and rescued during the retreat; the camp assault is a plausible dark-fantasy extension of that pursuit.","218 ق.م: كان تيتشينو في المقام الأول اشتباك فرسان بين قوتَي استطلاع. جُرح القنصل الروماني بوبليوس كورنيليوس سكيبيو وأُنقذ أثناء الانسحاب؛ أما اقتحام المعسكر فهو امتداد فانتازي مظلم معقول لتلك المطاردة."
"A broad river operation with ferries, wooded detours, bridgeheads, and fortified supply quarters; the Iron Sepulcher occupies an avoidable ruin on the southern flank.","عملية نهرية واسعة بمعديات والتفافات عبر الغابة ورؤوس جسور وأحياء إمداد محصّنة؛ ويحتل ضريح الحديد أطلالاً يمكن تجنّبها على الجناح الجنوبي."
"A commander alone cannot defend a city quarter.","لا يستطيع قائد وحده أن يدافع عن حي في مدينة."
"A general alone on a dead field is just the last corpse standing.","قائد وحيد في ميدان ميت ليس إلا آخر جثة واقفة."
"After Cannae, Rome refuses the battle Hannibal wants. The Republic instead presses every road, ally, granary, and walled town. Beneath the orchards, Iron Sepulcher graves make even a successful defense feel temporary.","بعد كانّاي، ترفض روما المعركة التي يريدها حنبعل. وتضغط الجمهورية بدلاً من ذلك على كل طريق وحليف ومخزن غلال ومدينة مسوّرة. وتحت البساتين، تجعل قبور ضريح الحديد حتى الدفاع الناجح يبدو مؤقتاً."
"Battle of Cannae","معركة كانّاي"
"Battle of Lake Trasimene","معركة بحيرة تراسيميني"
"Battle of Ticino","معركة تيتشينو"
"Battle of Trebia","معركة تريبيا"
"Battle of Zama","معركة زاما"
"Between assaults, seize the eastern Roman siege camp.","بين الاقتحامات، استولِ على معسكر الحصار الروماني الشرقي."
"Break all three Roman assault phases. The quarter holds when the last consular column is dead in the streets.","اكسر مراحل الاقتحام الرومانية الثلاث. لا يصمد الحي إلا حين يسقط آخر رتل قنصلي صريعاً في الشوارع."
"Break both Iron Sepulcher attacks. At Zama, the dead no longer remain outside the battle.","اكسر هجومَي ضريح الحديد. في زاما، لم يعد الموتى خارج المعركة."
"Break three Roman columns before the survivors find the ford again.","اكسر ثلاثة أرتال رومانية قبل أن يجد الناجون المخاضة من جديد."
"Burn every cursed guardian from the sepulcher ruins. Kill what cannot die.","أحرق كل حارس ملعون في أطلال الضريح. اقتل ما لا يموت."
"Clear the pass before the mountain closes it. Every hour lost is more men fed to the cold.","افتح الممر قبل أن يغلقه الجبل. كل ساعة تضيع تعني رجالاً أكثر يلتهمهم البرد."
"Cross before the Roman runners reach their garrison. Every second spent waiting feeds the blade.","اعبر قبل أن يبلغ سُعاة روما حاميتهم. كل ثانية انتظار تُطعم النصل."
"Cross the Rhône by one of several prepared routes, sever the eastern supply road, and capture two Roman advance camps before Scipio reaches the river.","اعبر نهر الرون من أحد المسارات المهيّأة، واقطع طريق الإمداد الشرقي، واستولِ على معسكرين رومانيين متقدمين قبل أن يبلغ سكيبيو النهر."
"Crossing the Alps","عبور جبال الألب"
"Crossing the Rhône","عبور نهر الرون"
"Crush all three Roman camps and seal the iron tomb shut. No escape.","اسحق المعسكرات الرومانية الثلاثة واختم القبر الحديدي. لا مهرب."
"Crush both Roman breakout columns before they claw through the hillside.","اسحق رتلَي الاختراق الرومانيين قبل أن يشقّا طريقهما عبر سفح التل."
"Cut timber for the sledges, break stone for the road, and draw iron for the shoes and axles. The column crosses on what your builders can carry.","اقطع الخشب للزحّافات، واكسر الحجر للطريق، واستخرج الحديد للنعال والمحاور. يعبر الرتل بما يقدر بنّاؤوك على حمله."
"December 218 BC: Hannibal provoked Tiberius Sempronius Longus into crossing the cold Trebia before breakfast. Carthaginian infantry, cavalry, elephants, and Mago's hidden detachment struck the exhausted Roman army from front, flanks, and rear.","كانون الأول 218 ق.م: استدرج حنبعل تيبيريوس سمبرونيوس لونغوس إلى عبور تريبيا الباردة قبل الفطور. وضرب المشاة القرطاجيون والفرسان والفيلة وفرقة ماغو المخبأة الجيشَ الروماني المنهك من الأمام والجناحين والمؤخرة."
"Defend Hannibal's fortified Campanian supply town and break all three coordinated Roman assaults arriving from separate consular roads.","دافع عن بلدة الإمداد الكامبانية المحصّنة لحنبعل، واكسر الاقتحامات الرومانية الثلاثة المنسّقة القادمة من طرق قنصلية مختلفة."
"Drive the dead from the shrine. Salt the earth where they stood.","اطرد الموتى من المزار. وامْلأ بالملح الأرض التي وقفوا عليها."
"Endure both waves from the depths. Do not flinch when the ground tears open.","اصمد أمام الموجتين الصاعدتين من الأعماق. لا تجفل حين تنشقّ الأرض."
"Every soldier lost is counted by the enemy tonight.","كل جندي تفقده يحصيه العدو الليلة."
"Execute the encirclement, then seize all three Roman camps before their reserves can restore the line.","نفّذ التطويق، ثم استولِ على المعسكرات الرومانية الثلاثة قبل أن يتمكن احتياطهم من ترميم الخط."
"Final battle in Africa: blunt Scipio's line, survive the Numidian cavalry, and seize all four Roman camps while breaking both risings of the dead.","المعركة الأخيرة في أفريقيا: حيّد خط سكيبيو، وانجُ من الفرسان النوميديين، واستولِ على المعسكرات الرومانية الأربعة مع كسر نهضتَي الموتى."
"First battle on Italian soil. Win the cavalry duel, then seize the Roman reserve camp before fresh reinforcements regroup.","أول معركة على التراب الإيطالي. اظفر بمبارزة الفرسان، ثم استولِ على معسكر الاحتياط الروماني قبل أن تتجمع نجدات جديدة."
"Hannibal falls, and the allied towns abandon the field.","يسقط حنبعل، فتتخلى المدن الحليفة عن الميدان."
"Hannibal's first Italian victory is a test of tempo and cavalry control. Ford-shades complicate the flanks but do not replace the Roman enemy.","انتصار حنبعل الإيطالي الأول اختبار للإيقاع وللسيطرة على الفرسان. أشباح المخاضة تعقّد الأجنحة لكنها لا تحلّ محل العدو الروماني."
"Hannibal's masterpiece becomes a prolonged operational battle, not a single frontal collision.","تتحول تحفة حنبعل إلى معركة عملياتية ممتدة، لا إلى صدام أمامي واحد."
"Hold the river line and break all three Roman crossings. Let the cold and the water do the work Sempronius will not.","اثبت على خط النهر واكسر المعابر الرومانية الثلاثة. ودَع البرد والماء يؤديان العمل الذي يأباه سمبرونيوس."
"Hold the ruins. Force the Romans to fight on two grounds at once.","اثبت في الأطلال. أجبر الرومان على القتال في أرضين معاً."
"Hold the southern bank through all three crossings. Sempronius spends his army on the ice; you have only to still be standing.","اثبت على الضفة الجنوبية خلال المعابر الثلاثة. سمبرونيوس ينفق جيشه على الجليد؛ وليس عليك إلا أن تظل واقفاً."
"If the central camp falls, the Campanian alliance dies with it.","إن سقط المعسكر الأوسط، مات معه الحلف الكامباني."
"Investigate the cursed shrine, survive the awakening, and clear the ruins.","تحرَّ المزار الملعون، وانجُ من الصحوة، وطهّر الأطلال."
"Iron Sepulcher Watch","حراسة ضريح الحديد"
"Lose the river camp and the cold takes what the Romans couldn't.","افقد معسكر النهر يأخذ البردُ ما عجز عنه الرومان."
"Lose the supply camp and the army starves before it reaches the snow line.","افقد معسكر الإمداد يجُع الجيش قبل أن يبلغ خط الثلج."
"Lose your camp and the tempo dies with it.","افقد معسكرك يمت الإيقاع معه."
"No living formation remains to hold the gates.","لم يبقَ تشكيل حيّ يحفظ البوابات."
"Preserve the market and four homes: Campania is being defended for its people and supplies, not merely its walls.","احفظ السوق وأربعة مساكن: كامبانيا يُدافَع عنها لأجل أهلها وإمداداتها، لا لأجل أسوارها وحدها."
"Provision the column for the descent: harvest timber, stone and iron from the pass while the mountain tribes contest every switchback.","جهّز الرتل للنزول: احصد الخشب والحجر والحديد من الممر بينما تنازعك قبائل الجبل كل منعطف."
"Raze every Roman post. Leave Scipio nothing to rally behind.","سوِّ كل مركز روماني بالأرض. لا تترك لسكيبيو ما يلتفّ خلفه."
"Seal the road. Let no scout cross the Ticino alive.","أغلق الطريق. لا تدع كشّافاً يعبر تيتشينو حياً."
"Seize all four Roman camps — the consular line, Masinissa's Numidians, the rear guard, and the northern camp — before the cavalry closes your rear.","استولِ على المعسكرات الرومانية الأربعة — الخط القنصلي، ونوميديّي ماسينيسا، ومؤخرة الجيش، والمعسكر الشمالي — قبل أن يطبق الفرسان على مؤخرتك."
"Seize both Roman camps. The ambush is not finished until their flags come down.","استولِ على المعسكرين الرومانيين. لا ينتهي الكمين حتى تُنزَل راياتهم."
"Seize the two river forts. Leave no crossing for Scipio's army to inherit.","استولِ على حصنَي النهر. لا تترك معبراً يرثه جيش سكيبيو."
"Spring the ambush and capture both Roman field camps within twenty minutes, before the mist lifts and a cohort escapes the basin.","أطلق الكمين واستولِ على المعسكرين الرومانيين الميدانيين خلال عشرين دقيقة، قبل أن ينقشع الضباب وتفلت كتيبة من الحوض."
"Stand your ground. The last soldier alone is not a force — he is a sacrifice.","اثبت في أرضك. آخر جندي وحده ليس قوة — بل قرباناً."
"Take the bridge camp and the eastern reserve quarter before the Roman scouts vanish into the fog.","خذ معسكر الجسر وحيّ الاحتياط الشرقي قبل أن يذوب كشّافة روما في الضباب."
"The Campanian Vigil","سهر كامبانيا"
"The Roman column walks into a geographical trap and is destroyed by converging attacks while the lakeside Sepulcher altar remains an optional horror.","يسير الرتل الروماني إلى فخ جغرافي فيُدمَّر بهجمات متقاربة، بينما يبقى مذبح الضريح على ضفة البحيرة هولاً اختيارياً."
"The Romans are baited into the winter river and punished by Mago's concealed force, then the defense becomes an assault on a complete winter camp.","يُستدرج الرومان إلى النهر الشتوي فتعاقبهم قوة ماغو المخبأة، ثم يتحول الدفاع إلى اقتحام معسكر شتوي كامل."
"The commander falls — and every line collapses behind him.","يسقط القائد — فينهار كل خط خلفه."
"The commander falls — the vigil ends. And the dead keep walking.","يسقط القائد — وينتهي السهر. ويواصل الموتى مسيرهم."
"The crossing is a running battle against terrain, local resistance, and Roman influence. Sepulcher grave-lights remain a dangerous side path rather than the campaign's main enemy.","العبور معركة متصلة ضد التضاريس والمقاومة المحلية والنفوذ الروماني. وتبقى أضواء قبور الضريح مساراً جانبياً خطراً لا العدو الرئيسي للحملة."
"The final confrontation is Carthage against three coordinated Roman commands, until an Iron Sepulcher host attacks from the battlefield's neglected flank.","المواجهة الأخيرة هي قرطاج ضد ثلاث قيادات رومانية منسّقة، حتى يهاجم حشد من ضريح الحديد من جناح الميدان المهمَل."
"Twenty minutes before the mist lifts. If a cohort clears the basin, Rome learns the shape of the trap.","عشرون دقيقة قبل أن ينقشع الضباب. إن خرجت كتيبة من الحوض، عرفت روما شكل الفخ."
"Your camp falls — the field goes with it.","يسقط معسكرك — ويذهب الميدان معه."
"Your command falls — and the wings fold inward.","تسقط قيادتك — فينطوي الجناحان إلى الداخل."
"ASSAULT I: infantry from north and south; cavalry raiders and engineers on the eastern consular road.","الاقتحام الأول: مشاة من الشمال والجنوب؛ ومغيرون من الفرسان ومهندسون على الطريق القنصلي الشرقي."
"ASSAULT II: the Roman horns answer one another. Rotate the reserve before all three roads close.","الاقتحام الثاني: أبواق روما يجيب بعضها بعضاً. أدِر الاحتياط قبل أن تُغلق الطرق الثلاثة."
"ASSAULT III: siege engines and veteran cohorts. Hold every gate until the twentieth minute.","الاقتحام الثالث: آلات حصار وكتائب مخضرمة. اثبت عند كل بوابة حتى الدقيقة العشرين."
"Another Roman wave is flanking from the southeast. Rotate quickly.","موجة رومانية أخرى تلتف من الجنوب الشرقي. أدِر قواتك سريعاً."
"Counterattack now. Break them while they are split by the river.","هاجم مضاداً الآن. اكسرهم والنهر يشطرهم."
"Final ridge ahead. Break the last camp to open the descent.","الحافة الأخيرة أمامك. اكسر المعسكر الأخير لتفتح طريق النزول."
"Fix the Roman center in place. Keep both cavalry wings active.","ثبّت القلب الروماني في مكانه. وأبقِ جناحَي الفرسان فاعلين."
"Grave-lights move among the western orchards. The Iron Sepulcher is watching, but the legions remain the greater danger.","تتحرك أضواء القبور بين البساتين الغربية. ضريح الحديد يراقب، لكن الفيالق تبقى الخطر الأكبر."
"Hold discipline. Let the Romans commit at the ford.","تمسّك بالانضباط. ودَع الرومان يزجّون بقواتهم عند المخاضة."
"Navigate through the maze of hills and valleys. Watch for enemy patrols!","شقّ طريقك عبر متاهة التلال والوديان. احذر دوريات العدو!"
"One minute. Spend the reserve; save the camp.","دقيقة واحدة. أنفق الاحتياط؛ وأنقذ المعسكر."
"Roman cavalry is attempting a breakout from the south. Intercept them.","الفرسان الرومان يحاولون اختراقاً من الجنوب. اعترضهم."
"Roman cavalry screens the field. Punch through before reserves arrive.","الفرسان الرومان يسترون الميدان. اخترقهم قبل وصول الاحتياط."
"Roman cavalry waves intensify. Collapse one flank before the rear guard arrives.","تشتد موجات الفرسان الرومان. أسقط أحد الجناحين قبل وصول مؤخرة الجيش."
"Roman reinforcements are approaching from the eastern road.","نجدات رومانية تقترب من الطريق الشرقي."
"Roman reserves are entering from the northern camp. Close the pocket faster.","احتياط روما يدخل من المعسكر الشمالي. أغلق الجيب أسرع."
"Roman reserves are moving from the western bank.","احتياط روما يتحرك من الضفة الغربية."
"Scipio extends the line. Keep your center steady and protect elephants from isolation.","سكيبيو يمدّ خطه. أبقِ قلبك ثابتاً واحمِ الفيلة من العزل."
"Second pass defenders are reinforcing. Keep the column moving.","مدافعو الممر الثاني يتلقون نجدات. أبقِ الرتل متحركاً."
"Second-wave Roman cavalry is maneuvering for your rear. Rebalance your flanks.","فرسان الموجة الرومانية الثانية يناورون نحو مؤخرتك. أعد توازن جناحيك."
"Strike now. Close the western route and split their line.","اضرب الآن. أغلق المسار الغربي واشطر خطهم."
"Take the first pass quickly before the next ambush line assembles.","خذ الممر الأول سريعاً قبل أن يتجمع خط الكمين التالي."
"The Roman column enters the corridor. Wait for full commitment.","الرتل الروماني يدخل الممر. انتظر حتى ينخرط بالكامل."
"The Roman villages are heavily defended. Coordinate your attacks!","القرى الرومانية محميّة بشدة. نسّق هجماتك!"
"Three Roman columns have entered the consular roads. The first coordinated assault arrives at 17:00.","دخلت ثلاثة أرتال رومانية الطرق القنصلية. يصل الاقتحام المنسّق الأول في الساعة 17:00."
"Two bridges cross the Rhône. Choose your path wisely - you may need both routes!","جسران يعبران نهر الرون. اختر طريقك بحكمة - قد تحتاج المسارين معاً!"
"A camp is taken by standing in it, not by levelling it. Nine men cannot kill thirty-eight, but they can hold two gate yards long enough to claim them - and a Roman column without its commander stops being a column.","يُؤخذ المعسكر بالوقوف فيه لا بتسويته بالأرض. تسعة رجال لا يقتلون ثمانية وثلاثين، لكنهم يستطيعون الثبات في ساحتَي بوابة مدةً تكفي للاستيلاء عليهما — والرتل الروماني بلا قائده يكفّ عن كونه رتلاً."
"A nation stands on its commander. Kill him and the camps go quiet and unclaimed - which, against a twenty-minute clock, is the only version of this battle that finishes in time.","تقوم الأمة على قائدها. اقتله تسكن المعسكرات وتبقى بلا صاحب — وهذه، أمام ساعة من عشرين دقيقة، هي النسخة الوحيدة من هذه المعركة التي تنتهي في وقتها."
"An assault walks toward your camp but turns for whatever it can see. Bait it with something visible and it will take the ground you chose instead of the ground it wanted.","يسير الاقتحام نحو معسكرك لكنه ينحرف إلى ما تراه عيناه. أغرِه بشيء ظاهر يأخذ الأرض التي اخترتها بدل الأرض التي أرادها."
"High ground doubles a bowman and hardens him against what shoots back. The ridge over the Roman camp is worth more than the extra squadron you would have spent the same minutes recruiting.","المرتفع يضاعف الرامي ويحصّنه ممن يرمونه. والحافة المشرفة على المعسكر الروماني أثمن من السرية الإضافية التي كنت ستنفق الدقائق نفسها في تجنيدها."
"Iron bells answer beneath the south-western crossing. The Sepulcher is advancing on Carthage as well as Rome.","أجراس حديدية تجيب تحت المعبر الجنوبي الغربي. الضريح يزحف على قرطاج كما يزحف على روما."
"Kill every enemy commander. A nation dies with the man who leads it: its camps fall neutral, its works come down and its troops leave the field.","اقتل كل قائد معادٍ. تموت الأمة بموت من يقودها: تصير معسكراتها محايدة، وتنهار أعمالها، وتترك قواتها الميدان."
"Masinissa's Numidian horse is entering from the north-eastern road.","فرسان ماسينيسا النوميديون يدخلون من الطريق الشمالي الشرقي."
"Nothing new is taught here. The ridge, the bait and the beheading are all things you already know; Cannae only asks whether you can run three of them at once against four times your number.","لا جديد يُعلَّم هنا. الحافة والطُّعم وقطع الرأس كلها أمور تعرفها؛ وكانّاي لا تسألك إلا إن كنت تستطيع تنفيذ ثلاثتها معاً أمام أربعة أضعاف عددك."
"Rear guard deployment detected across the southern wadi. This is the final phase.","رُصد انتشار مؤخرة الجيش عبر الوادي الجنوبي. هذه هي المرحلة الأخيرة."
"Supply is a target - and it cuts both ways. Your market and your homes are what the Romans are actually marching at, and their siege camp keeps its own stockpile within reach of a raid.","الإمداد هدف — وهو سلاح ذو حدّين. سوقك ومساكنك هي ما يزحف إليه الرومان فعلاً، ومعسكر حصارهم يحتفظ بمخزونه في متناول غارة."
"The shrines you have walked past all campaign were never scenery. Zama reads back over every map behind it - and the Sepulcher has no commander to kill, so the one rule that has served you since Trasimene is the one rule that will not work here.","المزارات التي مررت بها طوال الحملة لم تكن يوماً ديكوراً. زاما تعيد قراءة كل خريطة سبقتها — وليس للضريح قائد يُقتل، فالقاعدة الوحيدة التي خدمتك منذ تراسيميني هي القاعدة الوحيدة التي لن تنفع هنا."
"Timber only counts once a builder unloads it at the camp. The richest stands are the furthest from the stockpile, so the mission is won on the length of the walk, not the swing of the axe.","لا يُحتسب الخشب إلا حين يفرغه بنّاء في المعسكر. وأغنى الأحراش أبعدها عن المخزن، فالمهمة تُكسب بطول المسير لا بضربة الفأس."
"Roman Republic","الجمهورية الرومانية"
"Carthaginian Empire","الإمبراطورية القرطاجية"
"The Iron Sepulcher","ضريح الحديد"
"Shield Wall","جدار التروس"
"Testudo","السلحفاة"
"Mission briefing","إحاطة المهمة"
"Mission Briefing","إحاطة المهمة"
"Close the briefing","إغلاق الإحاطة"
"To Battle","إلى المعركة"
"Move","تحرّك"
"Attack","هجوم"
"Guard","حراسة"
"Patrol","دورية"
"Hold position","الثبات في الموقع"
"Stop","توقّف"
"Build","بناء"
"Gather","جمع"
"Deliver","تسليم"
"Repair","إصلاح"
"Rally point","نقطة التجمّع"
"Formation","تشكيل"
"You are not in command of these units.","أنت لا تقود هذه الوحدات."
"That target is already gone.","هذا الهدف لم يعد موجودًا."
"Cannot attack a friendly or neutral target.","لا يمكن مهاجمة هدف صديق أو محايد."
"That building no longer exists.","هذا المبنى لم يعد موجودًا."
"That building is not yours.","هذا المبنى ليس لك."
"That order could not be carried out.","تعذّر تنفيذ هذا الأمر."
"%1: %2 units","%1: %2 وحدات"
"No units selected.","لم يتم اختيار أي وحدات."
"The selected units cannot attack.","الوحدات المختارة لا يمكنها الهجوم."
"The selected units cannot guard.","الوحدات المختارة لا يمكنها الحراسة."
"The selected units cannot patrol.","الوحدات المختارة لا يمكنها القيام بدورية."
"The selected units cannot hold position.","الوحدات المختارة لا يمكنها الثبات في الموقع."
"The selected units cannot build.","الوحدات المختارة لا يمكنها البناء."
"The selected units cannot gather.","الوحدات المختارة لا يمكنها الجمع."
"Only civilians can be delivered to a barracks.","المدنيون فقط يمكن تسليمهم إلى الثكنة."
"Only builders can repair structures.","البنّاؤون فقط يمكنهم إصلاح المنشآت."
"The selected units cannot take that order.","الوحدات المختارة لا يمكنها تنفيذ هذا الأمر."
"No enemy under the cursor.","لا يوجد عدو تحت المؤشر."
"Select a friendly barracks with room for more people.","اختر ثكنة صديقة فيها متسع لمزيد من الأشخاص."
"Select a damaged friendly building to repair.","اختر مبنى صديقًا متضررًا لإصلاحه."
"Nothing to target there.","لا يوجد هدف هناك."
"Choose a spot on the map.","اختر موقعًا على الخريطة."
"That barracks has no room for more people.","لا يوجد متسع في هذه الثكنة لمزيد من الأشخاص."
"That building does not need repairs.","هذا المبنى لا يحتاج إلى إصلاح."
"Continue","متابعة"
"Select a map","اختر خريطة"
"Players (%1)","اللاعبون (%1)"
"Click color/team to cycle","انقر على اللون أو الفريق للتبديل"
"Select a map to configure players","اختر خريطة لضبط اللاعبين"
"+ Add CPU","+ إضافة حاسوب"
"Add AI player to the game","أضف لاعب ذكاء اصطناعي إلى اللعبة"
"Max players reached","بلغت الحد الأقصى للاعبين"
"%1 slot available","خانة %1 متاحة"
"%1 slots available","%1 من الخانات متاحة"
"(map preview)","(معاينة الخريطة)"
"Every slot on this map is taken","كل خانة في هذه الخريطة مشغولة"
"Color","لون"
"Click to change color","انقر لتغيير اللون"
"Click to change team","انقر لتغيير الفريق"
"Remove player","إزالة اللاعب"
"gold","ذهب"
"food","طعام"
"wood","خشب"
"stone","حجر"
"iron","حديد"
"resources","موارد"
"Not enough %1.","لا يكفي %1."
"Select a tree, boulder, or iron ore deposit.","اختر شجرة أو صخرة أو منجم خام حديد."
"Select a tree to chop.","اختر شجرة لقطعها."
"Select a boulder to collect.","اختر صخرة لجمعها."
"Select iron ore to collect.","اختر خام حديد لجمعه."
"No available builder can chop that tree.","لا يوجد بنّاء متاح يستطيع قطع تلك الشجرة."
"No available builder can collect that boulder.","لا يوجد بنّاء متاح يستطيع جمع تلك الصخرة."
"No available builder can collect that iron ore.","لا يوجد بنّاء متاح يستطيع جمع خام الحديد ذاك."
"No available builder can collect that resource.","لا يوجد بنّاء متاح يستطيع جمع ذلك المورد."
"No walkable spot near that tree.","لا موضع صالح للمشي قرب تلك الشجرة."
"No walkable spot near that boulder.","لا موضع صالح للمشي قرب تلك الصخرة."
"No walkable spot near that iron ore.","لا موضع صالح للمشي قرب خام الحديد ذاك."
"No walkable spot near that resource.","لا موضع صالح للمشي قرب ذلك المورد."
"Drag out a wall line first.","ارسم خط سور أولاً بالسحب."
"Choose a build location.","اختر موقع البناء."
"That resource is already assigned.","ذلك المورد مخصَّص بالفعل."
"Cannot build there.","لا يمكن البناء هناك."
"Blocked by an existing wall.","يحجبه سور قائم."
"Not enough wood.","لا يكفي الخشب."
"No valid wall segments in that drag.","لا مقاطع سور صالحة في ذلك السحب."
"No available builder.","لا يوجد بنّاء متاح."
"That structure cannot be placed.","لا يمكن وضع ذلك البناء."
"Building factory unavailable.","مصنع المباني غير متاح."
"PRODUCTION QUEUE","طابور الإنتاج"
"RECRUIT UNITS","تجنيد الوحدات"
"Queue is full (5/5)","الطابور ممتلئ (5/5)"
"Cannot recruit","تعذّر التجنيد"
"Set where newly recruited units will gather.\nRight-click to cancel.","حدّد أين تتجمع الوحدات المجنّدة حديثاً.\nالنقر الأيمن للإلغاء."
"Right-click to cancel","النقر الأيمن للإلغاء"
"No Barracks Selected","لم تُحدَّد ثكنة"
"Select a barracks to recruit units","اختر ثكنة لتجنيد الوحدات"
"Wood","خشب"
"Stone","حجر"
"Iron","حديد"
"Catapult","منجنيق"
"Long-range siege weapon\nEffective against structures","سلاح حصار بعيد المدى\nفعّال ضد المباني"
"Ballista","بالِستا"
"Precision siege weapon\nEffective against units","سلاح حصار دقيق\nفعّال ضد الوحدات"
"Defense Tower","برج دفاعي"
"Stationary defense structure\nShoots arrows at enemies","بناء دفاعي ثابت\nيرمي السهام على الأعداء"
"Home","مسكن"
"Residential building\nAdds +50 population to nearest barracks","مبنى سكني\nيضيف 50+ إلى تعداد أقرب ثكنة"
"Marketplace","سوق"
"Trade building\nBuy or sell resources for gold","مبنى تجاري\nاشترِ الموارد أو بعها مقابل الذهب"
"Wall Segment","مقطع سور"
"Wooden defensive wall\nBlocks enemy movement","سور دفاعي خشبي\nيمنع حركة العدو"
"Wall Gate","بوابة سور"
"Gated opening in a wall\nOpens for your troops and allies","فتحة مبوَّبة في السور\nتُفتح لقواتك وحلفائك"
"wood","خشب"
"stone","حجر"
"iron","حديد"
"gold","ذهب"
"%1 %2","%1 %2"
"%1 wood","%1 خشب"
"%1 stone","%1 حجر"
"%1 iron","%1 حديد"
"%1 gold","%1 ذهب"
"Not enough available population","التعداد المتاح لا يكفي"
"Not enough %1","لا يكفي %1"
"Already building...","قيد البناء بالفعل..."
"%1s","%1 ث"
"Idle","خامل"
"Available Population: %1 / %2","التعداد المتاح: %1 / %2"
"Recruit %1\nCost: %2\nBuild time: %3s","جنّد %1\nالكلفة: %2\nزمن الإنتاج: %3 ث"
"population","التعداد"
"Recruit %1\nCost: %2\nBuild time: %3s\nCarthage exclusive","جنّد %1\nالكلفة: %2\nزمن الإنتاج: %3 ث\nحصري لقرطاج"
"HOME RECRUITMENT","التجنيد من المساكن"
"Available civilians: %1 / %2","المدنيون المتاحون: %1 / %2"
"Recruit %1\nCost: %2\nBuild time: %3s\nUse Deliver mode, then click a friendly barracks to add 50 available population.","جنّد %1\nالكلفة: %2\nزمن الإنتاج: %3 ث\nاستخدم وضع التوصيل ثم انقر على ثكنة صديقة لإضافة 50 إلى التعداد المتاح."
"families","عائلات"
"This home already committed its 3 civilians","هذا المسكن قدّم مدنييه الثلاثة بالفعل"
"Click Map to Set Rally","انقر على الخريطة لتحديد نقطة التجميع"
"Set Rally Point","تحديد نقطة التجميع"
"BUILDER CONSTRUCTION","أعمال البناء"
"Build siege weapons, structures, and gather wood, stone, and iron","ابنِ آلات الحصار والمنشآت، واجمع الخشب والحجر والحديد"
"Select a structure to build","اختر بناءً لتشييده"
"Cut Tree","اقطع شجرة"
"Collect Stone","اجمع الحجر"
"Collect Iron Ore","اجمع خام الحديد"
"Task: %1","المهمة: %1"
"Building: %1","قيد البناء: %1"
"Build Catapult\n%1\nCost: %2\nBuild time: %3s","ابنِ منجنيقاً\n%1\nالكلفة: %2\nزمن البناء: %3 ث"
"Build Ballista\n%1\nCost: %2\nBuild time: %3s","ابنِ بالِستا\n%1\nالكلفة: %2\nزمن البناء: %3 ث"
"Build Defense Tower\n%1\nCost: %2\nBuild time: %3s","ابنِ برجاً دفاعياً\n%1\nالكلفة: %2\nزمن البناء: %3 ث"
"Build Home\n%1\nCost: %2\nBuild time: %3s","ابنِ مسكناً\n%1\nالكلفة: %2\nزمن البناء: %3 ث"
"Build Wall Segment\n%1\nCost: %2\nBuild time: %3s","ابنِ مقطع سور\n%1\nالكلفة: %2\nزمن البناء: %3 ث"
"Build Wall Gate\n%1\nCost: %2\nBuild time: %3s","ابنِ بوابة سور\n%1\nالكلفة: %2\nزمن البناء: %3 ث"
"Build Marketplace\n%1\nCost: %2\nBuild time: %3s","ابنِ سوقاً\n%1\nالكلفة: %2\nزمن البناء: %3 ث"
"MARKETPLACE","السوق"
"Trade resources for gold at fixed exchange rates","قايض الموارد بالذهب بأسعار صرف ثابتة"
"Select your marketplace to trade","اختر سوقك للتجارة"
"Gold: %1    Trade size: %2","الذهب: %1    حجم الصفقة: %2"
"Trading is available only for your own marketplace.","التجارة متاحة في سوقك أنت فقط."
"You have %1","لديك %1"
"Buy %1 (%2g)","اشترِ %1 (%2 ذ)"
"Spend %1 gold to buy %2 %3","أنفق %1 من الذهب لشراء %2 %3"
"Sell %1 (+%2g)","بِع %1 (+%2 ذ)"
"Sell %1 %2 for %3 gold","بِع %1 %2 مقابل %3 من الذهب"
"Mounted Knight","فارس مدرَّع"
"Horse Archer","رامٍ فارس"
"Horse Spearman","رامح فارس"
"War Elephant","فيل حرب"
"Build a barracks before setting a rally point.","ابنِ ثكنة قبل تحديد نقطة تجميع."
"Temple","معبد"
"Build Temple\n%1\nCost: %2\nBuild time: %3s","ابنِ معبداً\n%1\nالكلفة: %2\nزمن البناء: %3 ث"
"Sanctuary of the nation\nWide vision and a durable settlement anchor","حرم الأمة\nرؤية واسعة ومرتكز متين للمستوطنة"
"TEMPLE","المعبد"
"The sanctuary of your nation, raised in its own architectural style","حرم أمتك، مشيَّد على طرازها المعماري"
"Watches over a wide stretch of ground and holds a settlement together","يشرف على رقعة واسعة من الأرض ويشدّ المستوطنة إلى بعضها"
"System","النظام"
"Camera","الكاميرا"
"Selection","التحديد"
"Orders","الأوامر"
"Commander movement","حركة القائد"
"Commander combat","قتال القائد"
"Open menu","فتح القائمة"
"Also cancels a placement or rally in progress","يلغي أيضاً وضعاً أو تجميعاً جارياً"
"Switch between army and commander","التبديل بين الجيش والقائد"
"Quick save","حفظ سريع"
"Quick load","تحميل سريع"
"Pause","إيقاف مؤقت"
"Pan camera up","تحريك الكاميرا للأعلى"
"Hold Shift while panning to move faster","اضغط Shift أثناء التحريك للتنقل أسرع"
"Pan camera down","تحريك الكاميرا للأسفل"
"Pan camera left","تحريك الكاميرا يساراً"
"Pan camera right","تحريك الكاميرا يميناً"
"Rotate camera left","تدوير الكاميرا يساراً"
"Rotate camera right","تدوير الكاميرا يميناً"
"Orbit camera left","إدارة الكاميرا يساراً"
"Orbit camera right","إدارة الكاميرا يميناً"
"Select unit or drag a selection box","تحديد وحدة أو سحب مستطيل تحديد"
"Select all troops","تحديد كل القوات"
"Move or attack-move to the cursor","التحرك أو الهجوم أثناء التحرك نحو المؤشر"
"Stop","توقّف"
"Attack","هجوم"
"Move","تحرّك"
"Patrol","دورية"
"Guard","حراسة"
"Hold position","اثبت في الموضع"
"Deploy the selection in a formation","نشر التحديد في تشكيل"
"Opens the formation planner for the selected troops","يفتح مخطّط التشكيلات للقوات المحددة"
"Place commander rally flag","وضع راية تجميع القائد"
"Shares its key with orbit camera left by default and takes priority only while a rally can be placed","يشترك في مفتاحه مع إدارة الكاميرا يساراً افتراضياً، ولا تكون له الأولوية إلا حين يمكن وضع تجميع"
"Move forward","التقدم للأمام"
"Move back","التراجع للخلف"
"Strafe left","الانزلاق يساراً"
"Strafe right","الانزلاق يميناً"
"Turn left","الالتفات يساراً"
"Turn right","الالتفات يميناً"
"Sprint","عَدْو"
"Dodge","مراوغة"
"Jump","قفز"
"Block","صدّ"
"Cycle locked target","تبديل الهدف المقفل"
"Special action","فعل خاص"
"Vanguard rush","اندفاعة الطليعة"
"Second wind","النفَس الثاني"
"Commanding aura","هالة القيادة"
"Rally nearby troops","تجميع القوات القريبة"
"Switch between melee weapon and bow","التبديل بين سلاح الاشتباك والقوس"
"Toggle first and third person","التبديل بين منظور الشخص الأول والثالث"
"HP %1/%2","الصحة %1/%2"
"STM %1%","الجَلَد %1%"
"FINISHER","الضربة القاضية"
"COMBO","سلسلة"
"POSTURE","الاتزان"
"GUARD BROKEN","انكسرت الحراسة"
"⚡ PUNISH ⚡","⚡ عقاب ⚡"
"BASH","ضربة ترس"
"RUSH","اندفاعة"
"WIND","نفَس"
"READY","جاهز"
"BOW  ·  X","قوس  ·  X"
"BLADE  ·  X","نصل  ·  X"
"Save payload has no checksum","بيانات الحفظ بلا مجموع تحقّق"
"Save payload is corrupted (stored checksum mismatch)","بيانات الحفظ تالفة (مجموع التحقّق المخزَّن غير مطابق)"
"Save payload is corrupted (decompression failed)","بيانات الحفظ تالفة (فشل فك الضغط)"
"Save payload is corrupted (expected %1 bytes, got %2)","بيانات الحفظ تالفة (كان المتوقع %1 بايت والموجود %2)"
"Save payload is corrupted (content checksum mismatch)","بيانات الحفظ تالفة (مجموع تحقّق المحتوى غير مطابق)"
"Not a Standard of Iron save file","ليس ملف حفظ للعبة Standard of Iron"
"Unsupported save file version %1 (expected %2)","إصدار ملف الحفظ %1 غير مدعوم (المتوقع %2)"
"Save file header is truncated","ترويسة ملف الحفظ مبتورة"
"Save file header is corrupted: %1","ترويسة ملف الحفظ تالفة: %1"
"Save file uses an unknown compression format","ملف الحفظ يستخدم صيغة ضغط مجهولة"
"Save file declares implausible sizes","ملف الحفظ يعلن أحجاماً غير معقولة"
"Save file body is truncated","متن ملف الحفظ مبتور"
"Save file preview image is corrupted","صورة معاينة ملف الحفظ تالفة"
"Save Game","حفظ اللعبة"
"Cancel","إلغاء"
"Save Name:","اسم الحفظ:"
"Enter save name...","أدخل اسم الحفظ..."
"Save","حفظ"
"Existing Saves","الحفوظات الموجودة"
"No Preview","لا معاينة"
"Slot: %1","الخانة: %1"
"Last saved: %1","آخر حفظ: %1"
"Overwrite","استبدال"
"Confirm Overwrite","تأكيد الاستبدال"
"Are you sure you want to overwrite the save:\n""%1""?","هل تريد بالتأكيد استبدال الحفظ:\n«%1»؟"
"%1 - %2 (%3 KB on disk)","%1 - %2 (%3 ك.ب على القرص)"
"Campaign","الحملة"
"Skirmish","مناوشة"
"Untitled Save","حفظ بلا عنوان"
"Unknown Map","خريطة مجهولة"
"Name the save first.","سمِّ الحفظ أولاً."
"Save failed","فشل الحفظ"
"Saving ""%1""","جارٍ حفظ «%1»"
"Cancel","إلغاء"
"Failed to begin transaction","فشل بدء المعاملة"
"Failed to commit transaction","فشل تثبيت المعاملة"
"Failed to open save database","فشل فتح قاعدة بيانات الحفظ"
"Failed to read schema version","فشل قراءة إصدار المخطط"
"Failed to record schema version","فشل تسجيل إصدار المخطط"
"Failed to drop table %1","فشل حذف الجدول %1"
"Failed to create save schema","فشل إنشاء مخطط الحفظ"
"Failed to prepare save query","فشل تحضير استعلام الحفظ"
"Failed to persist save slot","فشل تثبيت خانة الحفظ"
"Failed to read save slot","فشل قراءة خانة الحفظ"
"Save slot '%1' not found","لم يُعثر على خانة الحفظ «%1»"
"Save slot '%1' uses unsupported format version %2","خانة الحفظ «%1» تستخدم إصدار الصيغة %2 غير المدعوم"
"Save slot '%1' uses an unknown compression format","خانة الحفظ «%1» تستخدم صيغة ضغط مجهولة"
"Failed to enumerate save slots","فشل تعداد خانات الحفظ"
"Failed to look up save slot","فشل البحث عن خانة الحفظ"
"Failed to store save preview","فشل تخزين معاينة الحفظ"
"Failed to delete save slot","فشل حذف خانة الحفظ"
"Failed to get campaign progress","فشل جلب تقدّم الحملة"
"Failed to mark campaign as completed","فشل وسم الحملة كمكتملة"
"Failed to prepare mission result insert","فشل تحضير إدراج نتيجة المهمة"
"Failed to save mission result","فشل حفظ نتيجة المهمة"
"Failed to get mission progress","فشل جلب تقدّم المهمة"
"Failed to get campaign mission progress","فشل جلب تقدّم مهمة الحملة"
"Failed to register campaign mission","فشل تسجيل مهمة الحملة"
"Failed to mark mission as completed","فشل وسم المهمة كمكتملة"
"Failed to unlock next mission","فشل فتح المهمة التالية"
"Failed to prune removed campaign missions","فشل تنقية مهام الحملة المحذوفة"
"Failed to look up the completed mission","فشل البحث عن المهمة المكتملة"
"Mission %1 is not part of campaign %2","المهمة %1 ليست جزءاً من الحملة %2"
"Failed to find the next mission","فشل العثور على المهمة التالية"
"Failed to count remaining missions","فشل إحصاء المهام المتبقية"
"Settings","الإعدادات"
"Close","إغلاق"
"Language","اللغة"
"Select Language:","اختر اللغة:"
"Language changes apply immediately","تُطبَّق تغييرات اللغة فوراً"
"Protanopia (red-blind)","عمى البروتانوبيا (عمى الأحمر)"
"Deuteranopia (green-blind)","عمى الديوتيرانوبيا (عمى الأخضر)"
"Tritanopia (blue-blind)","عمى التريتانوبيا (عمى الأزرق)"
"Standard","قياسي"
"Audio Settings","إعدادات الصوت"
"Master Volume:","مستوى الصوت العام:"
"Music Volume:","مستوى الموسيقى:"
"SFX Volume:","مستوى المؤثرات:"
"Voice Volume:","مستوى الأصوات البشرية:"
"Ambience Volume:","مستوى الأجواء:"
"Graphics Settings","إعدادات الرسوميات"
"Graphics Quality:","جودة الرسوميات:"
"Autosave","الحفظ التلقائي"
"Autosaves to keep:","عدد الحفوظات التلقائية المحفوظة:"
"Autosave every:","احفظ تلقائياً كل:"
"Off","معطّل"
"%1 min","%1 د"
"Older autosaves beyond this count are deleted automatically.","تُحذف الحفوظات التلقائية الأقدم من هذا العدد تلقائياً."
"Accessibility","إمكانية الوصول"
"Interface Scale:","مقياس الواجهة:"
"Colour Vision:","رؤية الألوان:"
"Reduce motion","تقليل الحركة"
"Removes transitions and idle animations across every screen","يزيل الانتقالات والحركات الساكنة من كل الشاشات"
"High contrast","تباين عالٍ"
"Raises panel and text contrast for low vision","يرفع تباين اللوحات والنصوص لضعاف البصر"
"Always show keyboard focus","أظهر مؤشر تركيز لوحة المفاتيح دائماً"
"Keeps the focus outline visible even after clicking","يُبقي إطار التركيز ظاهراً حتى بعد النقر"
"These settings apply to the campaign, skirmish and editor tools alike.","تنطبق هذه الإعدادات على الحملة والمناوشة وأدوات المحرر سواءً بسواء."
"About","عن اللعبة"
"Standard of Iron - RTS Game","Standard of Iron - لعبة استراتيجية آنية"
"Version %1","الإصدار %1"
"Third-Party Software","برمجيات الطرف الثالث"
"This game uses the Qt framework, licensed under the GNU Lesser General Public License v3 (LGPL v3).","تستخدم هذه اللعبة إطار عمل Qt المرخَّص بموجب رخصة جنو العمومية الصغرى الإصدار 3 (LGPL v3)."
"Qt is dynamically linked, allowing you to replace Qt libraries with your own versions.","يُربط Qt ديناميكياً، ما يتيح لك استبدال مكتباته بنسخك الخاصة."
"LGPL v3 License","رخصة LGPL v3"
"Qt Website","موقع Qt"
"Controls","أدوات التحكم"
"Edge scrolling","التمرير من الحواف"
"Pans the camera when the cursor reaches the edge of the screen","يحرّك الكاميرا حين يبلغ المؤشر حافة الشاشة"
"Edge scroll speed:","سرعة التمرير من الحواف:"
"Team ring patterns","أنماط حلقات الفرق"
"On automatically while a colour vision mode is selected","يُفعَّل تلقائياً ما دام وضع رؤية الألوان مختاراً"
"Marks each side with its own selection ring shape as well as its colour","يميّز كل طرف بشكل حلقة تحديد خاص به إضافة إلى لونه"
"Damage numbers","أرقام الضرر"
"Shows the damage dealt above each hit while leading the commander","يعرض الضرر المُوقَع فوق كل إصابة أثناء قيادة القائد"
"Screen effects:","مؤثرات الشاشة:"
"Camera motion:","حركة الكاميرا:"
"Reduces head bob and sway while leading the commander. It never limits camera movement you ask for.","يقلّل اهتزاز الرأس وتمايله أثناء قيادة القائد. ولا يحدّ أبداً من حركة الكاميرا التي تطلبها."
"Music generated with Meta's AudioCraft, whose models are licensed CC BY-NC 4.0. This game is distributed free of charge, which that licence permits; it may not be sold.","أُنتجت الموسيقى بأداة AudioCraft من ميتا، ونماذجها مرخَّصة برخصة CC BY-NC 4.0. تُوزَّع هذه اللعبة مجاناً، وهو ما تجيزه تلك الرخصة؛ ولا يجوز بيعها."
"Voice lines recorded by Adam Djellouli.","سجّل الأصوات آدم جلولي."
"CC BY-NC 4.0 License","رخصة CC BY-NC 4.0"
"AudioCraft","AudioCraft"
"Invalid team configuration: At least two teams must be selected to start a match.","إعداد الفرق غير صالح: يجب اختيار فريقين على الأقل لبدء مباراة."
"Red","أحمر"
"Blue","أزرق"
"Brown","بني"
"Green","أخضر"
"Yellow","أصفر"
"Orange","برتقالي"
"Purple","بنفسجي"
"Cyan","سماوي"
"Pink","وردي"
"Iron Sepulcher %1","ضريح الحديد %1"
"The shrine answers to you now. Its dead fall still.","صار المزار يأتمر بك الآن. وسكن موتاه."
"The shrine is broken. Every risen guardian crumbles.","تحطّم المزار. وانهار كل حارس نهض منه."
"Wave %1/%2","الموجة %1/%2"
"The Iron Sepulcher wakes. %1 rises to meet you.","يستيقظ ضريح الحديد. ينهض %1 للقائك."
"%1 claws out of the ground.","يشقّ %1 طريقه من باطن الأرض."
"The risen guardians are put down. The ground is quiet.","أُجهز على الحرّاس الناهضين. وسكنت الأرض."
"The barrow gives up its hoard: %1.","يجود التلّ الجنائزي بكنزه: %1."
"Archer","رامٍ"
"Swordsman","سيّاف"
"Spearman","رامح"
"Mounted Knight","فارس مدرَّع"
"Horse Archer","رامٍ فارس"
"Horse Spearman","رامح فارس"
"Healer","معالج"
"Skeleton Swordsman","سيّاف هيكلي"
"Skeleton Archer","رامٍ هيكلي"
"Grave Priest","كاهن القبور"
"Catapult","منجنيق"
"Ballista","بالِستا"
"War Elephant","فيل حرب"
"Quintus Fabius Maximus","كوينتوس فابيوس مكسيموس"
"Publius Cornelius Scipio","بوبليوس كورنيليوس سكيبيو"
"Marcus Claudius Marcellus","ماركوس كلوديوس مارتشيلوس"
"Hanno the Great","حنون العظيم"
"Hasdrubal Barca","حصدربعل برقا"
"Hannibal Barca","حنبعل برقا"
"Builder","بنّاء"
"Civilian","مدني"
"Sheep","خروف"
"Wolf","ذئب"
"Unknown Troop","قوة مجهولة"
"African War Elephant","فيل حرب أفريقي"
"Auxiliary Archer","رامٍ مساعد"
"Carthaginian Ballista","بالِستا قرطاجية"
"Carthaginian Catapult","منجنيق قرطاجي"
"Citizen Infantry","مشاة المواطنين"
"Equites","الفرسان الرومان"
"Faber","الصانع الروماني"
"Legionary","جندي فيلق"
"Liby-Phoenician Spear","رامح ليبي فينيقي"
"Libyan Archer","رامٍ ليبي"
"Medicus","الطبيب الروماني"
"Numidian Cavalry","فرسان نوميديون"
"Onager","أوناجر"
"Phoenician Craftsman","صانع فينيقي"
"Sacred Band Healer","معالج الكتيبة المقدسة"
"Triarius","تريّاري"
"Blocked by an existing wall.","يحجبه سور قائم."
"Cannot build there.","لا يمكن البناء هناك."
"Probing column","رتل استطلاع"
"Assault line","خط اقتحام"
"Cavalry flank","جناح فرسان"
"Skirmish screen","ستار مناوشة"
"Siege column","رتل حصار"
"Elite guard","حرس النخبة"
"All waves broken","انكسرت كل الموجات"
"Incoming","قادمة"
"Engaged","مشتبكة"
"Next wave","الموجة التالية"
"Wave %1 / %2","الموجة %1 / %2"
"%1 left","بقي %1"
"Wolves are moving on the valley.","الذئاب تتحرك نحو الوادي."
"Failed to initialize OpenGL renderer.\n\nThis usually means:\n1. Graphics drivers don't support required OpenGL 3.3 Core Profile\n2. Running in a VM with incomplete OpenGL support\n3. Qt software OpenGL fallback is unavailable or failed to initialize\n\nTo fix:\n- Run run_debug_softwaregl.cmd or set QT_OPENGL=software\n- Update graphics drivers\n- On VMs: Enable 3D acceleration in VM settings","فشلت تهيئة محرك عرض OpenGL.\n\nيعني هذا عادةً:\n1. أن تعريفات الرسوميات لا تدعم ملف OpenGL 3.3 Core المطلوب\n2. أن التشغيل يجري في آلة افتراضية بدعم OpenGL ناقص\n3. أن بديل OpenGL البرمجي في Qt غير متاح أو فشلت تهيئته\n\nللإصلاح:\n- شغّل run_debug_softwaregl.cmd أو اضبط QT_OPENGL=software\n- حدّث تعريفات الرسوميات\n- في الآلات الافتراضية: فعّل تسريع الرسوم ثلاثية الأبعاد في إعداداتها"
